REF_DATE,GEO,NAICS,VALUE
2018-01,Toronto CMA,Goods-producing sector,363.4
2018-01,Hamilton CMA,Goods-producing sector,81.4
2018-01,Toronto CMA,Construction,197.3
2018-01,Hamilton CMA,Construction,43.2
2018-01,Toronto CMA,Manufacturing,152.4
2018-01,Hamilton CMA,Manufacturing,35.7
2018-01,Toronto CMA,Wholesale and retail trade,483.8
2018-01,Hamilton CMA,Wholesale and retail trade,64.3
2018-01,Toronto CMA,Transportation and warehousing,183.8
2018-01,Hamilton CMA,Transportation and warehousing,29.1
2018-01,Toronto CMA,"Finance, insurance, real estate",415.9
2018-01,Hamilton CMA,"Finance, insurance, real estate",36.6
2018-01,Toronto CMA,"Professional, scientific and technical services",397.7
2018-01,Hamilton CMA,"Professional, scientific and technical services",32.1
2018-01,Toronto CMA,Educational services,239.6
2018-01,Hamilton CMA,Educational services,27.8
2018-01,Toronto CMA,Health care and social assistance,314.3
2018-01,Hamilton CMA,Health care and social assistance,55.8
2018-01,Toronto CMA,Accommodation and food services,229.3
2018-01,Hamilton CMA,Accommodation and food services,31.9
2018-02,Toronto CMA,Goods-producing sector,371.2
2018-02,Hamilton CMA,Goods-producing sector,77.3
2018-02,Toronto CMA,Construction,196.3
2018-02,Hamilton CMA,Construction,42.9
2018-02,Toronto CMA,Manufacturing,157.2
2018-02,Hamilton CMA,Manufacturing,37.7
2018-02,Toronto CMA,Wholesale and retail trade,484.9
2018-02,Hamilton CMA,Wholesale and retail trade,65.7
2018-02,Toronto CMA,Transportation and warehousing,189.5
2018-02,Hamilton CMA,Transportation and warehousing,27.7
2018-02,Toronto CMA,"Finance, insurance, real estate",420.5
2018-02,Hamilton CMA,"Finance, insurance, real estate",32.9
2018-02,Toronto CMA,"Professional, scientific and technical services",359.7
2018-02,Hamilton CMA,"Professional, scientific and technical services",31.3
2018-02,Toronto CMA,Educational services,238.5
2018-02,Hamilton CMA,Educational services,30.0
2018-02,Toronto CMA,Health care and social assistance,318.5
2018-02,Hamilton CMA,Health care and social assistance,50.5
2018-02,Toronto CMA,Accommodation and food services,235.1
2018-02,Hamilton CMA,Accommodation and food services,30.7
2018-03,Toronto CMA,Goods-producing sector,364.8
2018-03,Hamilton CMA,Goods-producing sector,81.2
2018-03,Toronto CMA,Construction,199.1
2018-03,Hamilton CMA,Construction,43.5
2018-03,Toronto CMA,Manufacturing,156.2
2018-03,Hamilton CMA,Manufacturing,38.6
2018-03,Toronto CMA,Wholesale and retail trade,489.3
2018-03,Hamilton CMA,Wholesale and retail trade,66.4
2018-03,Toronto CMA,Transportation and warehousing,181.9
2018-03,Hamilton CMA,Transportation and warehousing,28.2
2018-03,Toronto CMA,"Finance, insurance, real estate",408.0
2018-03,Hamilton CMA,"Finance, insurance, real estate",35.8
2018-03,Toronto CMA,"Professional, scientific and technical services",387.8
2018-03,Hamilton CMA,"Professional, scientific and technical services",35.1
2018-03,Toronto CMA,Educational services,239.5
2018-03,Hamilton CMA,Educational services,27.8
2018-03,Toronto CMA,Health care and social assistance,319.8
2018-03,Hamilton CMA,Health care and social assistance,56.1
2018-03,Toronto CMA,Accommodation and food services,232.9
2018-03,Hamilton CMA,Accommodation and food services,33.1
2018-04,Toronto CMA,Goods-producing sector,381.7
2018-04,Hamilton CMA,Goods-producing sector,81.9
2018-04,Toronto CMA,Construction,190.1
2018-04,Hamilton CMA,Construction,41.2
2018-04,Toronto CMA,Manufacturing,157.8
2018-04,Hamilton CMA,Manufacturing,35.9
2018-04,Toronto CMA,Wholesale and retail trade,480.9
2018-04,Hamilton CMA,Wholesale and retail trade,65.9
2018-04,Toronto CMA,Transportation and warehousing,183.8
2018-04,Hamilton CMA,Transportation and warehousing,29.9
2018-04,Toronto CMA,"Finance, insurance, real estate",421.4
2018-04,Hamilton CMA,"Finance, insurance, real estate",38.4
2018-04,Toronto CMA,"Professional, scientific and technical services",398.4
2018-04,Hamilton CMA,"Professional, scientific and technical services",31.3
2018-04,Toronto CMA,Educational services,241.6
2018-04,Hamilton CMA,Educational services,28.1
2018-04,Toronto CMA,Health care and social assistance,321.9
2018-04,Hamilton CMA,Health care and social assistance,52.0
2018-04,Toronto CMA,Accommodation and food services,229.2
2018-04,Hamilton CMA,Accommodation and food services,33.1
2018-05,Toronto CMA,Goods-producing sector,358.5
2018-05,Hamilton CMA,Goods-producing sector,81.4
2018-05,Toronto CMA,Construction,187.8
2018-05,Hamilton CMA,Construction,40.3
2018-05,Toronto CMA,Manufacturing,151.0
2018-05,Hamilton CMA,Manufacturing,38.8
2018-05,Toronto CMA,Wholesale and retail trade,498.1
2018-05,Hamilton CMA,Wholesale and retail trade,65.2
2018-05,Toronto CMA,Transportation and warehousing,187.2
2018-05,Hamilton CMA,Transportation and warehousing,29.3
2018-05,Toronto CMA,"Finance, insurance, real estate",428.1
2018-05,Hamilton CMA,"Finance, insurance, real estate",36.4
2018-05,Toronto CMA,"Professional, scientific and technical services",394.8
2018-05,Hamilton CMA,"Professional, scientific and technical services",30.8
2018-05,Toronto CMA,Educational services,252.6
2018-05,Hamilton CMA,Educational services,29.6
2018-05,Toronto CMA,Health care and social assistance,324.8
2018-05,Hamilton CMA,Health care and social assistance,53.1
2018-05,Toronto CMA,Accommodation and food services,243.4
2018-05,Hamilton CMA,Accommodation and food services,31.7
2018-06,Toronto CMA,Goods-producing sector,384.3
2018-06,Hamilton CMA,Goods-producing sector,82.8
2018-06,Toronto CMA,Construction,195.9
2018-06,Hamilton CMA,Construction,40.3
2018-06,Toronto CMA,Manufacturing,153.1
2018-06,Hamilton CMA,Manufacturing,40.4
2018-06,Toronto CMA,Wholesale and retail trade,493.2
2018-06,Hamilton CMA,Wholesale and retail trade,67.1
2018-06,Toronto CMA,Transportation and warehousing,172.7
2018-06,Hamilton CMA,Transportation and warehousing,30.0
2018-06,Toronto CMA,"Finance, insurance, real estate",422.0
2018-06,Hamilton CMA,"Finance, insurance, real estate",34.4
2018-06,Toronto CMA,"Professional, scientific and technical services",384.5
2018-06,Hamilton CMA,"Professional, scientific and technical services",32.2
2018-06,Toronto CMA,Educational services,259.0
2018-06,Hamilton CMA,Educational services,27.9
2018-06,Toronto CMA,Health care and social assistance,309.5
2018-06,Hamilton CMA,Health care and social assistance,56.2
2018-06,Toronto CMA,Accommodation and food services,227.1
2018-06,Hamilton CMA,Accommodation and food services,31.7
2018-07,Toronto CMA,Goods-producing sector,368.2
2018-07,Hamilton CMA,Goods-producing sector,78.4
2018-07,Toronto CMA,Construction,200.5
2018-07,Hamilton CMA,Construction,40.2
2018-07,Toronto CMA,Manufacturing,158.0
2018-07,Hamilton CMA,Manufacturing,38.2
2018-07,Toronto CMA,Wholesale and retail trade,514.8
2018-07,Hamilton CMA,Wholesale and retail trade,66.1
2018-07,Toronto CMA,Transportation and warehousing,193.7
2018-07,Hamilton CMA,Transportation and warehousing,27.7
2018-07,Toronto CMA,"Finance, insurance, real estate",413.9
2018-07,Hamilton CMA,"Finance, insurance, real estate",35.7
2018-07,Toronto CMA,"Professional, scientific and technical services",412.9
2018-07,Hamilton CMA,"Professional, scientific and technical services",30.0
2018-07,Toronto CMA,Educational services,253.8
2018-07,Hamilton CMA,Educational services,29.9
2018-07,Toronto CMA,Health care and social assistance,328.3
2018-07,Hamilton CMA,Health care and social assistance,54.8
2018-07,Toronto CMA,Accommodation and food services,230.7
2018-07,Hamilton CMA,Accommodation and food services,31.5
2018-08,Toronto CMA,Goods-producing sector,353.8
2018-08,Hamilton CMA,Goods-producing sector,83.2
2018-08,Toronto CMA,Construction,198.2
2018-08,Hamilton CMA,Construction,45.7
2018-08,Toronto CMA,Manufacturing,151.2
2018-08,Hamilton CMA,Manufacturing,38.8
2018-08,Toronto CMA,Wholesale and retail trade,459.6
2018-08,Hamilton CMA,Wholesale and retail trade,64.4
2018-08,Toronto CMA,Transportation and warehousing,187.7
2018-08,Hamilton CMA,Transportation and warehousing,30.2
2018-08,Toronto CMA,"Finance, insurance, real estate",433.9
2018-08,Hamilton CMA,"Finance, insurance, real estate",35.2
2018-08,Toronto CMA,"Professional, scientific and technical services",379.5
2018-08,Hamilton CMA,"Professional, scientific and technical services",32.8
2018-08,Toronto CMA,Educational services,250.5
2018-08,Hamilton CMA,Educational services,29.8
2018-08,Toronto CMA,Health care and social assistance,307.6
2018-08,Hamilton CMA,Health care and social assistance,55.8
2018-08,Toronto CMA,Accommodation and food services,231.2
2018-08,Hamilton CMA,Accommodation and food services,33.1
2018-09,Toronto CMA,Goods-producing sector,381.9
2018-09,Hamilton CMA,Goods-producing sector,84.7
2018-09,Toronto CMA,Construction,201.3
2018-09,Hamilton CMA,Construction,46.0
2018-09,Toronto CMA,Manufacturing,155.3
2018-09,Hamilton CMA,Manufacturing,37.8
2018-09,Toronto CMA,Wholesale and retail trade,484.4
2018-09,Hamilton CMA,Wholesale and retail trade,69.4
2018-09,Toronto CMA,Transportation and warehousing,187.1
2018-09,Hamilton CMA,Transportation and warehousing,29.8
2018-09,Toronto CMA,"Finance, insurance, real estate",431.2
2018-09,Hamilton CMA,"Finance, insurance, real estate",34.6
2018-09,Toronto CMA,"Professional, scientific and technical services",372.7
2018-09,Hamilton CMA,"Professional, scientific and technical services",32.6
2018-09,Toronto CMA,Educational services,248.6
2018-09,Hamilton CMA,Educational services,28.5
2018-09,Toronto CMA,Health care and social assistance,322.7
2018-09,Hamilton CMA,Health care and social assistance,54.7
2018-09,Toronto CMA,Accommodation and food services,223.9
2018-09,Hamilton CMA,Accommodation and food services,32.9
2018-10,Toronto CMA,Goods-producing sector,366.1
2018-10,Hamilton CMA,Goods-producing sector,77.8
2018-10,Toronto CMA,Construction,202.5
2018-10,Hamilton CMA,Construction,42.3
2018-10,Toronto CMA,Manufacturing,150.9
2018-10,Hamilton CMA,Manufacturing,39.1
2018-10,Toronto CMA,Wholesale and retail trade,490.3
2018-10,Hamilton CMA,Wholesale and retail trade,64.1
2018-10,Toronto CMA,Transportation and warehousing,188.9
2018-10,Hamilton CMA,Transportation and warehousing,30.4
2018-10,Toronto CMA,"Finance, insurance, real estate",407.8
2018-10,Hamilton CMA,"Finance, insurance, real estate",35.8
2018-10,Toronto CMA,"Professional, scientific and technical services",393.5
2018-10,Hamilton CMA,"Professional, scientific and technical services",35.2
2018-10,Toronto CMA,Educational services,233.4
2018-10,Hamilton CMA,Educational services,30.1
2018-10,Toronto CMA,Health care and social assistance,311.9
2018-10,Hamilton CMA,Health care and social assistance,53.3
2018-10,Toronto CMA,Accommodation and food services,244.2
2018-10,Hamilton CMA,Accommodation and food services,32.3
2018-11,Toronto CMA,Goods-producing sector,393.4
2018-11,Hamilton CMA,Goods-producing sector,81.3
2018-11,Toronto CMA,Construction,202.1
2018-11,Hamilton CMA,Construction,41.6
2018-11,Toronto CMA,Manufacturing,151.3
2018-11,Hamilton CMA,Manufacturing,38.5
2018-11,Toronto CMA,Wholesale and retail trade,479.6
2018-11,Hamilton CMA,Wholesale and retail trade,66.2
2018-11,Toronto CMA,Transportation and warehousing,175.0
2018-11,Hamilton CMA,Transportation and warehousing,31.6
2018-11,Toronto CMA,"Finance, insurance, real estate",415.0
2018-11,Hamilton CMA,"Finance, insurance, real estate",37.8
2018-11,Toronto CMA,"Professional, scientific and technical services",382.0
2018-11,Hamilton CMA,"Professional, scientific and technical services",32.7
2018-11,Toronto CMA,Educational services,270.9
2018-11,Hamilton CMA,Educational services,28.3
2018-11,Toronto CMA,Health care and social assistance,300.9
2018-11,Hamilton CMA,Health care and social assistance,52.4
2018-11,Toronto CMA,Accommodation and food services,234.5
2018-11,Hamilton CMA,Accommodation and food services,33.2
2018-12,Toronto CMA,Goods-producing sector,383.2
2018-12,Hamilton CMA,Goods-producing sector,82.0
2018-12,Toronto CMA,Construction,190.5
2018-12,Hamilton CMA,Construction,41.7
2018-12,Toronto CMA,Manufacturing,160.4
2018-12,Hamilton CMA,Manufacturing,39.1
2018-12,Toronto CMA,Wholesale and retail trade,455.8
2018-12,Hamilton CMA,Wholesale and retail trade,65.6
2018-12,Toronto CMA,Transportation and warehousing,194.9
2018-12,Hamilton CMA,Transportation and warehousing,31.8
2018-12,Toronto CMA,"Finance, insurance, real estate",424.5
2018-12,Hamilton CMA,"Finance, insurance, real estate",35.8
2018-12,Toronto CMA,"Professional, scientific and technical services",379.6
2018-12,Hamilton CMA,"Professional, scientific and technical services",31.3
2018-12,Toronto CMA,Educational services,248.0
2018-12,Hamilton CMA,Educational services,29.9
2018-12,Toronto CMA,Health care and social assistance,320.9
2018-12,Hamilton CMA,Health care and social assistance,52.6
2018-12,Toronto CMA,Accommodation and food services,223.5
2018-12,Hamilton CMA,Accommodation and food services,31.3
2019-01,Toronto CMA,Goods-producing sector,356.5
2019-01,Hamilton CMA,Goods-producing sector,85.1
2019-01,Toronto CMA,Construction,186.4
2019-01,Hamilton CMA,Construction,41.9
2019-01,Toronto CMA,Manufacturing,156.9
2019-01,Hamilton CMA,Manufacturing,40.8
2019-01,Toronto CMA,Wholesale and retail trade,485.7
2019-01,Hamilton CMA,Wholesale and retail trade,68.4
2019-01,Toronto CMA,Transportation and warehousing,185.0
2019-01,Hamilton CMA,Transportation and warehousing,28.5
2019-01,Toronto CMA,"Finance, insurance, real estate",409.4
2019-01,Hamilton CMA,"Finance, insurance, real estate",37.6
2019-01,Toronto CMA,"Professional, scientific and technical services",406.4
2019-01,Hamilton CMA,"Professional, scientific and technical services",33.0
2019-01,Toronto CMA,Educational services,272.7
2019-01,Hamilton CMA,Educational services,29.3
2019-01,Toronto CMA,Health care and social assistance,321.6
2019-01,Hamilton CMA,Health care and social assistance,54.3
2019-01,Toronto CMA,Accommodation and food services,230.2
2019-01,Hamilton CMA,Accommodation and food services,35.4
2019-02,Toronto CMA,Goods-producing sector,386.4
2019-02,Hamilton CMA,Goods-producing sector,78.4
2019-02,Toronto CMA,Construction,198.1
2019-02,Hamilton CMA,Construction,43.3
2019-02,Toronto CMA,Manufacturing,158.6
2019-02,Hamilton CMA,Manufacturing,36.4
2019-02,Toronto CMA,Wholesale and retail trade,452.3
2019-02,Hamilton CMA,Wholesale and retail trade,60.8
2019-02,Toronto CMA,Transportation and warehousing,187.0
2019-02,Hamilton CMA,Transportation and warehousing,29.3
2019-02,Toronto CMA,"Finance, insurance, real estate",422.6
2019-02,Hamilton CMA,"Finance, insurance, real estate",34.4
2019-02,Toronto CMA,"Professional, scientific and technical services",380.5
2019-02,Hamilton CMA,"Professional, scientific and technical services",29.8
2019-02,Toronto CMA,Educational services,250.6
2019-02,Hamilton CMA,Educational services,29.8
2019-02,Toronto CMA,Health care and social assistance,325.4
2019-02,Hamilton CMA,Health care and social assistance,55.4
2019-02,Toronto CMA,Accommodation and food services,230.6
2019-02,Hamilton CMA,Accommodation and food services,34.2
2019-03,Toronto CMA,Goods-producing sector,368.5
2019-03,Hamilton CMA,Goods-producing sector,80.9
2019-03,Toronto CMA,Construction,197.6
2019-03,Hamilton CMA,Construction,41.6
2019-03,Toronto CMA,Manufacturing,145.0
2019-03,Hamilton CMA,Manufacturing,38.8
2019-03,Toronto CMA,Wholesale and retail trade,489.3
2019-03,Hamilton CMA,Wholesale and retail trade,64.9
2019-03,Toronto CMA,Transportation and warehousing,183.5
2019-03,Hamilton CMA,Transportation and warehousing,29.8
2019-03,Toronto CMA,"Finance, insurance, real estate",440.3
2019-03,Hamilton CMA,"Finance, insurance, real estate",35.5
2019-03,Toronto CMA,"Professional, scientific and technical services",389.4
2019-03,Hamilton CMA,"Professional, scientific and technical services",31.7
2019-03,Toronto CMA,Educational services,247.9
2019-03,Hamilton CMA,Educational services,27.9
2019-03,Toronto CMA,Health care and social assistance,315.1
2019-03,Hamilton CMA,Health care and social assistance,53.9
2019-03,Toronto CMA,Accommodation and food services,245.0
2019-03,Hamilton CMA,Accommodation and food services,33.7
2019-04,Toronto CMA,Goods-producing sector,381.9
2019-04,Hamilton CMA,Goods-producing sector,80.8
2019-04,Toronto CMA,Construction,205.0
2019-04,Hamilton CMA,Construction,40.7
2019-04,Toronto CMA,Manufacturing,156.7
2019-04,Hamilton CMA,Manufacturing,39.2
2019-04,Toronto CMA,Wholesale and retail trade,474.9
2019-04,Hamilton CMA,Wholesale and retail trade,71.2
2019-04,Toronto CMA,Transportation and warehousing,190.9
2019-04,Hamilton CMA,Transportation and warehousing,27.2
2019-04,Toronto CMA,"Finance, insurance, real estate",426.1
2019-04,Hamilton CMA,"Finance, insurance, real estate",34.9
2019-04,Toronto CMA,"Professional, scientific and technical services",395.8
2019-04,Hamilton CMA,"Professional, scientific and technical services",33.1
2019-04,Toronto CMA,Educational services,251.5
2019-04,Hamilton CMA,Educational services,27.0
2019-04,Toronto CMA,Health care and social assistance,305.6
2019-04,Hamilton CMA,Health care and social assistance,55.4
2019-04,Toronto CMA,Accommodation and food services,241.5
2019-04,Hamilton CMA,Accommodation and food services,34.9
2019-05,Toronto CMA,Goods-producing sector,390.8
2019-05,Hamilton CMA,Goods-producing sector,76.4
2019-05,Toronto CMA,Construction,205.8
2019-05,Hamilton CMA,Construction,39.4
2019-05,Toronto CMA,Manufacturing,162.9
2019-05,Hamilton CMA,Manufacturing,39.0
2019-05,Toronto CMA,Wholesale and retail trade,469.9
2019-05,Hamilton CMA,Wholesale and retail trade,71.3
2019-05,Toronto CMA,Transportation and warehousing,191.6
2019-05,Hamilton CMA,Transportation and warehousing,27.2
2019-05,Toronto CMA,"Finance, insurance, real estate",423.2
2019-05,Hamilton CMA,"Finance, insurance, real estate",34.5
2019-05,Toronto CMA,"Professional, scientific and technical services",397.5
2019-05,Hamilton CMA,"Professional, scientific and technical services",31.9
2019-05,Toronto CMA,Educational services,259.1
2019-05,Hamilton CMA,Educational services,27.8
2019-05,Toronto CMA,Health care and social assistance,319.9
2019-05,Hamilton CMA,Health care and social assistance,57.7
2019-05,Toronto CMA,Accommodation and food services,226.8
2019-05,Hamilton CMA,Accommodation and food services,32.8
2019-06,Toronto CMA,Goods-producing sector,373.4
2019-06,Hamilton CMA,Goods-producing sector,81.1
2019-06,Toronto CMA,Construction,205.2
2019-06,Hamilton CMA,Construction,42.9
2019-06,Toronto CMA,Manufacturing,151.2
2019-06,Hamilton CMA,Manufacturing,41.4
2019-06,Toronto CMA,Wholesale and retail trade,498.6
2019-06,Hamilton CMA,Wholesale and retail trade,65.6
2019-06,Toronto CMA,Transportation and warehousing,184.5
2019-06,Hamilton CMA,Transportation and warehousing,28.6
2019-06,Toronto CMA,"Finance, insurance, real estate",435.4
2019-06,Hamilton CMA,"Finance, insurance, real estate",35.4
2019-06,Toronto CMA,"Professional, scientific and technical services",402.0
2019-06,Hamilton CMA,"Professional, scientific and technical services",32.3
2019-06,Toronto CMA,Educational services,253.7
2019-06,Hamilton CMA,Educational services,29.4
2019-06,Toronto CMA,Health care and social assistance,324.5
2019-06,Hamilton CMA,Health care and social assistance,53.5
2019-06,Toronto CMA,Accommodation and food services,238.6
2019-06,Hamilton CMA,Accommodation and food services,33.4
2019-07,Toronto CMA,Goods-producing sector,370.2
2019-07,Hamilton CMA,Goods-producing sector,80.6
2019-07,Toronto CMA,Construction,195.8
2019-07,Hamilton CMA,Construction,41.5
2019-07,Toronto CMA,Manufacturing,151.1
2019-07,Hamilton CMA,Manufacturing,40.0
2019-07,Toronto CMA,Wholesale and retail trade,486.8
2019-07,Hamilton CMA,Wholesale and retail trade,70.3
2019-07,Toronto CMA,Transportation and warehousing,201.2
2019-07,Hamilton CMA,Transportation and warehousing,29.5
2019-07,Toronto CMA,"Finance, insurance, real estate",400.8
2019-07,Hamilton CMA,"Finance, insurance, real estate",35.1
2019-07,Toronto CMA,"Professional, scientific and technical services",396.0
2019-07,Hamilton CMA,"Professional, scientific and technical services",30.6
2019-07,Toronto CMA,Educational services,247.5
2019-07,Hamilton CMA,Educational services,29.9
2019-07,Toronto CMA,Health care and social assistance,313.2
2019-07,Hamilton CMA,Health care and social assistance,52.3
2019-07,Toronto CMA,Accommodation and food services,227.8
2019-07,Hamilton CMA,Accommodation and food services,34.9
2019-08,Toronto CMA,Goods-producing sector,370.1
2019-08,Hamilton CMA,Goods-producing sector,80.8
2019-08,Toronto CMA,Construction,199.5
2019-08,Hamilton CMA,Construction,44.4
2019-08,Toronto CMA,Manufacturing,152.7
2019-08,Hamilton CMA,Manufacturing,39.5
2019-08,Toronto CMA,Wholesale and retail trade,498.6
2019-08,Hamilton CMA,Wholesale and retail trade,68.2
2019-08,Toronto CMA,Transportation and warehousing,196.4
2019-08,Hamilton CMA,Transportation and warehousing,28.9
2019-08,Toronto CMA,"Finance, insurance, real estate",435.0
2019-08,Hamilton CMA,"Finance, insurance, real estate",34.5
2019-08,Toronto CMA,"Professional, scientific and technical services",392.6
2019-08,Hamilton CMA,"Professional, scientific and technical services",34.2
2019-08,Toronto CMA,Educational services,255.8
2019-08,Hamilton CMA,Educational services,29.5
2019-08,Toronto CMA,Health care and social assistance,306.5
2019-08,Hamilton CMA,Health care and social assistance,55.2
2019-08,Toronto CMA,Accommodation and food services,228.9
2019-08,Hamilton CMA,Accommodation and food services,31.4
2019-09,Toronto CMA,Goods-producing sector,365.0
2019-09,Hamilton CMA,Goods-producing sector,84.4
2019-09,Toronto CMA,Construction,189.1
2019-09,Hamilton CMA,Construction,43.4
2019-09,Toronto CMA,Manufacturing,156.8
2019-09,Hamilton CMA,Manufacturing,37.8
2019-09,Toronto CMA,Wholesale and retail trade,503.7
2019-09,Hamilton CMA,Wholesale and retail trade,67.9
2019-09,Toronto CMA,Transportation and warehousing,185.2
2019-09,Hamilton CMA,Transportation and warehousing,28.8
2019-09,Toronto CMA,"Finance, insurance, real estate",429.9
2019-09,Hamilton CMA,"Finance, insurance, real estate",33.5
2019-09,Toronto CMA,"Professional, scientific and technical services",393.7
2019-09,Hamilton CMA,"Professional, scientific and technical services",31.8
2019-09,Toronto CMA,Educational services,250.4
2019-09,Hamilton CMA,Educational services,29.8
2019-09,Toronto CMA,Health care and social assistance,318.5
2019-09,Hamilton CMA,Health care and social assistance,56.5
2019-09,Toronto CMA,Accommodation and food services,235.1
2019-09,Hamilton CMA,Accommodation and food services,32.2
2019-10,Toronto CMA,Goods-producing sector,359.0
2019-10,Hamilton CMA,Goods-producing sector,86.1
2019-10,Toronto CMA,Construction,205.3
2019-10,Hamilton CMA,Construction,45.4
2019-10,Toronto CMA,Manufacturing,152.7
2019-10,Hamilton CMA,Manufacturing,38.8
2019-10,Toronto CMA,Wholesale and retail trade,488.1
2019-10,Hamilton CMA,Wholesale and retail trade,66.1
2019-10,Toronto CMA,Transportation and warehousing,188.9
2019-10,Hamilton CMA,Transportation and warehousing,27.6
2019-10,Toronto CMA,"Finance, insurance, real estate",432.0
2019-10,Hamilton CMA,"Finance, insurance, real estate",36.7
2019-10,Toronto CMA,"Professional, scientific and technical services",411.6
2019-10,Hamilton CMA,"Professional, scientific and technical services",35.6
2019-10,Toronto CMA,Educational services,247.7
2019-10,Hamilton CMA,Educational services,29.6
2019-10,Toronto CMA,Health care and social assistance,318.6
2019-10,Hamilton CMA,Health care and social assistance,58.3
2019-10,Toronto CMA,Accommodation and food services,221.6
2019-10,Hamilton CMA,Accommodation and food services,33.3
2019-11,Toronto CMA,Goods-producing sector,356.5
2019-11,Hamilton CMA,Goods-producing sector,75.1
2019-11,Toronto CMA,Construction,190.0
2019-11,Hamilton CMA,Construction,40.5
2019-11,Toronto CMA,Manufacturing,161.3
2019-11,Hamilton CMA,Manufacturing,37.5
2019-11,Toronto CMA,Wholesale and retail trade,486.1
2019-11,Hamilton CMA,Wholesale and retail trade,63.3
2019-11,Toronto CMA,Transportation and warehousing,192.5
2019-11,Hamilton CMA,Transportation and warehousing,28.3
2019-11,Toronto CMA,"Finance, insurance, real estate",438.7
2019-11,Hamilton CMA,"Finance, insurance, real estate",34.3
2019-11,Toronto CMA,"Professional, scientific and technical services",389.3
2019-11,Hamilton CMA,"Professional, scientific and technical services",32.9
2019-11,Toronto CMA,Educational services,250.5
2019-11,Hamilton CMA,Educational services,31.3
2019-11,Toronto CMA,Health care and social assistance,319.9
2019-11,Hamilton CMA,Health care and social assistance,51.5
2019-11,Toronto CMA,Accommodation and food services,230.0
2019-11,Hamilton CMA,Accommodation and food services,31.9
2019-12,Toronto CMA,Goods-producing sector,381.4
2019-12,Hamilton CMA,Goods-producing sector,85.2
2019-12,Toronto CMA,Construction,201.8
2019-12,Hamilton CMA,Construction,44.4
2019-12,Toronto CMA,Manufacturing,154.0
2019-12,Hamilton CMA,Manufacturing,38.7
2019-12,Toronto CMA,Wholesale and retail trade,492.5
2019-12,Hamilton CMA,Wholesale and retail trade,70.5
2019-12,Toronto CMA,Transportation and warehousing,188.6
2019-12,Hamilton CMA,Transportation and warehousing,29.2
2019-12,Toronto CMA,"Finance, insurance, real estate",409.1
2019-12,Hamilton CMA,"Finance, insurance, real estate",36.8
2019-12,Toronto CMA,"Professional, scientific and technical services",391.8
2019-12,Hamilton CMA,"Professional, scientific and technical services",33.2
2019-12,Toronto CMA,Educational services,236.3
2019-12,Hamilton CMA,Educational services,30.9
2019-12,Toronto CMA,Health care and social assistance,306.3
2019-12,Hamilton CMA,Health care and social assistance,52.5
2019-12,Toronto CMA,Accommodation and food services,241.6
2019-12,Hamilton CMA,Accommodation and food services,31.0
2020-01,Toronto CMA,Goods-producing sector,372.8
2020-01,Hamilton CMA,Goods-producing sector,84.2
2020-01,Toronto CMA,Construction,196.6
2020-01,Hamilton CMA,Construction,45.3
2020-01,Toronto CMA,Manufacturing,163.7
2020-01,Hamilton CMA,Manufacturing,35.8
2020-01,Toronto CMA,Wholesale and retail trade,469.0
2020-01,Hamilton CMA,Wholesale and retail trade,68.7
2020-01,Toronto CMA,Transportation and warehousing,182.0
2020-01,Hamilton CMA,Transportation and warehousing,29.2
2020-01,Toronto CMA,"Finance, insurance, real estate",424.4
2020-01,Hamilton CMA,"Finance, insurance, real estate",36.8
2020-01,Toronto CMA,"Professional, scientific and technical services",396.6
2020-01,Hamilton CMA,"Professional, scientific and technical services",32.9
2020-01,Toronto CMA,Educational services,245.0
2020-01,Hamilton CMA,Educational services,31.2
2020-01,Toronto CMA,Health care and social assistance,314.6
2020-01,Hamilton CMA,Health care and social assistance,55.0
2020-01,Toronto CMA,Accommodation and food services,230.8
2020-01,Hamilton CMA,Accommodation and food services,32.9
2020-02,Toronto CMA,Goods-producing sector,372.1
2020-02,Hamilton CMA,Goods-producing sector,83.5
2020-02,Toronto CMA,Construction,196.7
2020-02,Hamilton CMA,Construction,44.4
2020-02,Toronto CMA,Manufacturing,163.4
2020-02,Hamilton CMA,Manufacturing,39.3
2020-02,Toronto CMA,Wholesale and retail trade,501.6
2020-02,Hamilton CMA,Wholesale and retail trade,68.8
2020-02,Toronto CMA,Transportation and warehousing,194.8
2020-02,Hamilton CMA,Transportation and warehousing,30.1
2020-02,Toronto CMA,"Finance, insurance, real estate",425.9
2020-02,Hamilton CMA,"Finance, insurance, real estate",37.1
2020-02,Toronto CMA,"Professional, scientific and technical services",400.5
2020-02,Hamilton CMA,"Professional, scientific and technical services",31.5
2020-02,Toronto CMA,Educational services,251.2
2020-02,Hamilton CMA,Educational services,27.5
2020-02,Toronto CMA,Health care and social assistance,319.6
2020-02,Hamilton CMA,Health care and social assistance,55.2
2020-02,Toronto CMA,Accommodation and food services,243.4
2020-02,Hamilton CMA,Accommodation and food services,33.0
2020-03,Toronto CMA,Goods-producing sector,369.8
2020-03,Hamilton CMA,Goods-producing sector,80.8
2020-03,Toronto CMA,Construction,189.2
2020-03,Hamilton CMA,Construction,39.1
2020-03,Toronto CMA,Manufacturing,146.4
2020-03,Hamilton CMA,Manufacturing,35.4
2020-03,Toronto CMA,Wholesale and retail trade,481.1
2020-03,Hamilton CMA,Wholesale and retail trade,63.5
2020-03,Toronto CMA,Transportation and warehousing,185.5
2020-03,Hamilton CMA,Transportation and warehousing,28.7
2020-03,Toronto CMA,"Finance, insurance, real estate",419.9
2020-03,Hamilton CMA,"Finance, insurance, real estate",36.0
2020-03,Toronto CMA,"Professional, scientific and technical services",377.0
2020-03,Hamilton CMA,"Professional, scientific and technical services",31.2
2020-03,Toronto CMA,Educational services,237.6
2020-03,Hamilton CMA,Educational services,26.7
2020-03,Toronto CMA,Health care and social assistance,313.8
2020-03,Hamilton CMA,Health care and social assistance,54.7
2020-03,Toronto CMA,Accommodation and food services,225.7
2020-03,Hamilton CMA,Accommodation and food services,30.9
2020-04,Toronto CMA,Goods-producing sector,358.8
2020-04,Hamilton CMA,Goods-producing sector,70.7
2020-04,Toronto CMA,Construction,189.5
2020-04,Hamilton CMA,Construction,40.2
2020-04,Toronto CMA,Manufacturing,143.2
2020-04,Hamilton CMA,Manufacturing,38.2
2020-04,Toronto CMA,Wholesale and retail trade,469.3
2020-04,Hamilton CMA,Wholesale and retail trade,61.2
2020-04,Toronto CMA,Transportation and warehousing,175.7
2020-04,Hamilton CMA,Transportation and warehousing,27.2
2020-04,Toronto CMA,"Finance, insurance, real estate",387.1
2020-04,Hamilton CMA,"Finance, insurance, real estate",31.6
2020-04,Toronto CMA,"Professional, scientific and technical services",386.6
2020-04,Hamilton CMA,"Professional, scientific and technical services",31.7
2020-04,Toronto CMA,Educational services,238.8
2020-04,Hamilton CMA,Educational services,26.4
2020-04,Toronto CMA,Health care and social assistance,315.5
2020-04,Hamilton CMA,Health care and social assistance,54.4
2020-04,Toronto CMA,Accommodation and food services,219.2
2020-04,Hamilton CMA,Accommodation and food services,29.4
2020-05,Toronto CMA,Goods-producing sector,326.7
2020-05,Hamilton CMA,Goods-producing sector,76.6
2020-05,Toronto CMA,Construction,176.9
2020-05,Hamilton CMA,Construction,38.5
2020-05,Toronto CMA,Manufacturing,145.2
2020-05,Hamilton CMA,Manufacturing,32.8
2020-05,Toronto CMA,Wholesale and retail trade,466.6
2020-05,Hamilton CMA,Wholesale and retail trade,63.5
2020-05,Toronto CMA,Transportation and warehousing,163.7
2020-05,Hamilton CMA,Transportation and warehousing,25.1
2020-05,Toronto CMA,"Finance, insurance, real estate",376.2
2020-05,Hamilton CMA,"Finance, insurance, real estate",30.8
2020-05,Toronto CMA,"Professional, scientific and technical services",355.5
2020-05,Hamilton CMA,"Professional, scientific and technical services",26.4
2020-05,Toronto CMA,Educational services,223.6
2020-05,Hamilton CMA,Educational services,28.6
2020-05,Toronto CMA,Health care and social assistance,277.1
2020-05,Hamilton CMA,Health care and social assistance,48.2
2020-05,Toronto CMA,Accommodation and food services,201.0
2020-05,Hamilton CMA,Accommodation and food services,30.2
2020-06,Toronto CMA,Goods-producing sector,328.2
2020-06,Hamilton CMA,Goods-producing sector,80.0
2020-06,Toronto CMA,Construction,180.3
2020-06,Hamilton CMA,Construction,37.5
2020-06,Toronto CMA,Manufacturing,140.8
2020-06,Hamilton CMA,Manufacturing,33.7
2020-06,Toronto CMA,Wholesale and retail trade,416.2
2020-06,Hamilton CMA,Wholesale and retail trade,59.5
2020-06,Toronto CMA,Transportation and warehousing,166.6
2020-06,Hamilton CMA,Transportation and warehousing,26.4
2020-06,Toronto CMA,"Finance, insurance, real estate",378.1
2020-06,Hamilton CMA,"Finance, insurance, real estate",31.0
2020-06,Toronto CMA,"Professional, scientific and technical services",357.5
2020-06,Hamilton CMA,"Professional, scientific and technical services",31.0
2020-06,Toronto CMA,Educational services,214.4
2020-06,Hamilton CMA,Educational services,28.1
2020-06,Toronto CMA,Health care and social assistance,280.4
2020-06,Hamilton CMA,Health care and social assistance,46.5
2020-06,Toronto CMA,Accommodation and food services,222.4
2020-06,Hamilton CMA,Accommodation and food services,29.1
2020-07,Toronto CMA,Goods-producing sector,349.8
2020-07,Hamilton CMA,Goods-producing sector,78.0
2020-07,Toronto CMA,Construction,173.1
2020-07,Hamilton CMA,Construction,38.9
2020-07,Toronto CMA,Manufacturing,138.6
2020-07,Hamilton CMA,Manufacturing,33.1
2020-07,Toronto CMA,Wholesale and retail trade,417.5
2020-07,Hamilton CMA,Wholesale and retail trade,60.1
2020-07,Toronto CMA,Transportation and warehousing,173.3
2020-07,Hamilton CMA,Transportation and warehousing,27.1
2020-07,Toronto CMA,"Finance, insurance, real estate",376.7
2020-07,Hamilton CMA,"Finance, insurance, real estate",31.2
2020-07,Toronto CMA,"Professional, scientific and technical services",348.4
2020-07,Hamilton CMA,"Professional, scientific and technical services",28.8
2020-07,Toronto CMA,Educational services,218.6
2020-07,Hamilton CMA,Educational services,26.5
2020-07,Toronto CMA,Health care and social assistance,287.0
2020-07,Hamilton CMA,Health care and social assistance,47.0
2020-07,Toronto CMA,Accommodation and food services,209.3
2020-07,Hamilton CMA,Accommodation and food services,28.6
2020-08,Toronto CMA,Goods-producing sector,348.7
2020-08,Hamilton CMA,Goods-producing sector,79.9
2020-08,Toronto CMA,Construction,190.2
2020-08,Hamilton CMA,Construction,40.9
2020-08,Toronto CMA,Manufacturing,139.0
2020-08,Hamilton CMA,Manufacturing,35.8
2020-08,Toronto CMA,Wholesale and retail trade,461.5
2020-08,Hamilton CMA,Wholesale and retail trade,63.7
2020-08,Toronto CMA,Transportation and warehousing,168.3
2020-08,Hamilton CMA,Transportation and warehousing,27.9
2020-08,Toronto CMA,"Finance, insurance, real estate",408.9
2020-08,Hamilton CMA,"Finance, insurance, real estate",33.2
2020-08,Toronto CMA,"Professional, scientific and technical services",371.6
2020-08,Hamilton CMA,"Professional, scientific and technical services",31.1
2020-08,Toronto CMA,Educational services,235.9
2020-08,Hamilton CMA,Educational services,28.5
2020-08,Toronto CMA,Health care and social assistance,298.8
2020-08,Hamilton CMA,Health care and social assistance,51.0
2020-08,Toronto CMA,Accommodation and food services,213.7
2020-08,Hamilton CMA,Accommodation and food services,30.4
2020-09,Toronto CMA,Goods-producing sector,375.5
2020-09,Hamilton CMA,Goods-producing sector,80.6
2020-09,Toronto CMA,Construction,195.3
2020-09,Hamilton CMA,Construction,40.8
2020-09,Toronto CMA,Manufacturing,155.3
2020-09,Hamilton CMA,Manufacturing,36.4
2020-09,Toronto CMA,Wholesale and retail trade,487.9
2020-09,Hamilton CMA,Wholesale and retail trade,62.0
2020-09,Toronto CMA,Transportation and warehousing,177.6
2020-09,Hamilton CMA,Transportation and warehousing,29.0
2020-09,Toronto CMA,"Finance, insurance, real estate",411.1
2020-09,Hamilton CMA,"Finance, insurance, real estate",35.1
2020-09,Toronto CMA,"Professional, scientific and technical services",399.0
2020-09,Hamilton CMA,"Professional, scientific and technical services",31.2
2020-09,Toronto CMA,Educational services,246.1
2020-09,Hamilton CMA,Educational services,27.7
2020-09,Toronto CMA,Health care and social assistance,321.0
2020-09,Hamilton CMA,Health care and social assistance,53.9
2020-09,Toronto CMA,Accommodation and food services,230.7
2020-09,Hamilton CMA,Accommodation and food services,32.0
2020-10,Toronto CMA,Goods-producing sector,368.0
2020-10,Hamilton CMA,Goods-producing sector,83.6
2020-10,Toronto CMA,Construction,207.5
2020-10,Hamilton CMA,Construction,43.3
2020-10,Toronto CMA,Manufacturing,158.6
2020-10,Hamilton CMA,Manufacturing,37.1
2020-10,Toronto CMA,Wholesale and retail trade,497.3
2020-10,Hamilton CMA,Wholesale and retail trade,65.3
2020-10,Toronto CMA,Transportation and warehousing,184.8
2020-10,Hamilton CMA,Transportation and warehousing,29.8
2020-10,Toronto CMA,"Finance, insurance, real estate",402.7
2020-10,Hamilton CMA,"Finance, insurance, real estate",37.2
2020-10,Toronto CMA,"Professional, scientific and technical services",413.0
2020-10,Hamilton CMA,"Professional, scientific and technical services",33.0
2020-10,Toronto CMA,Educational services,245.4
2020-10,Hamilton CMA,Educational services,28.8
2020-10,Toronto CMA,Health care and social assistance,320.7
2020-10,Hamilton CMA,Health care and social assistance,49.4
2020-10,Toronto CMA,Accommodation and food services,237.7
2020-10,Hamilton CMA,Accommodation and food services,33.9
2020-11,Toronto CMA,Goods-producing sector,373.7
2020-11,Hamilton CMA,Goods-producing sector,83.1
2020-11,Toronto CMA,Construction,205.8
2020-11,Hamilton CMA,Construction,44.0
2020-11,Toronto CMA,Manufacturing,163.3
2020-11,Hamilton CMA,Manufacturing,39.3
2020-11,Toronto CMA,Wholesale and retail trade,484.8
2020-11,Hamilton CMA,Wholesale and retail trade,65.9
2020-11,Toronto CMA,Transportation and warehousing,192.3
2020-11,Hamilton CMA,Transportation and warehousing,31.8
2020-11,Toronto CMA,"Finance, insurance, real estate",422.8
2020-11,Hamilton CMA,"Finance, insurance, real estate",34.7
2020-11,Toronto CMA,"Professional, scientific and technical services",392.6
2020-11,Hamilton CMA,"Professional, scientific and technical services",30.3
2020-11,Toronto CMA,Educational services,255.7
2020-11,Hamilton CMA,Educational services,28.3
2020-11,Toronto CMA,Health care and social assistance,310.5
2020-11,Hamilton CMA,Health care and social assistance,50.4
2020-11,Toronto CMA,Accommodation and food services,228.8
2020-11,Hamilton CMA,Accommodation and food services,33.8
2020-12,Toronto CMA,Goods-producing sector,362.8
2020-12,Hamilton CMA,Goods-producing sector,78.9
2020-12,Toronto CMA,Construction,205.9
2020-12,Hamilton CMA,Construction,42.9
2020-12,Toronto CMA,Manufacturing,160.3
2020-12,Hamilton CMA,Manufacturing,40.5
2020-12,Toronto CMA,Wholesale and retail trade,495.4
2020-12,Hamilton CMA,Wholesale and retail trade,63.8
2020-12,Toronto CMA,Transportation and warehousing,190.7
2020-12,Hamilton CMA,Transportation and warehousing,30.6
2020-12,Toronto CMA,"Finance, insurance, real estate",419.8
2020-12,Hamilton CMA,"Finance, insurance, real estate",34.1
2020-12,Toronto CMA,"Professional, scientific and technical services",416.8
2020-12,Hamilton CMA,"Professional, scientific and technical services",32.6
2020-12,Toronto CMA,Educational services,250.4
2020-12,Hamilton CMA,Educational services,30.0
2020-12,Toronto CMA,Health care and social assistance,332.8
2020-12,Hamilton CMA,Health care and social assistance,55.4
2020-12,Toronto CMA,Accommodation and food services,234.5
2020-12,Hamilton CMA,Accommodation and food services,34.0
2021-01,Toronto CMA,Goods-producing sector,402.3
2021-01,Hamilton CMA,Goods-producing sector,89.6
2021-01,Toronto CMA,Construction,209.2
2021-01,Hamilton CMA,Construction,41.5
2021-01,Toronto CMA,Manufacturing,176.3
2021-01,Hamilton CMA,Manufacturing,37.5
2021-01,Toronto CMA,Wholesale and retail trade,490.5
2021-01,Hamilton CMA,Wholesale and retail trade,65.4
2021-01,Toronto CMA,Transportation and warehousing,200.9
2021-01,Hamilton CMA,Transportation and warehousing,30.5
2021-01,Toronto CMA,"Finance, insurance, real estate",409.4
2021-01,Hamilton CMA,"Finance, insurance, real estate",36.6
2021-01,Toronto CMA,"Professional, scientific and technical services",410.5
2021-01,Hamilton CMA,"Professional, scientific and technical services",32.7
2021-01,Toronto CMA,Educational services,244.4
2021-01,Hamilton CMA,Educational services,29.2
2021-01,Toronto CMA,Health care and social assistance,318.9
2021-01,Hamilton CMA,Health care and social assistance,54.9
2021-01,Toronto CMA,Accommodation and food services,233.4
2021-01,Hamilton CMA,Accommodation and food services,34.1
2021-02,Toronto CMA,Goods-producing sector,367.6
2021-02,Hamilton CMA,Goods-producing sector,79.1
2021-02,Toronto CMA,Construction,200.7
2021-02,Hamilton CMA,Construction,45.9
2021-02,Toronto CMA,Manufacturing,155.9
2021-02,Hamilton CMA,Manufacturing,43.1
2021-02,Toronto CMA,Wholesale and retail trade,503.8
2021-02,Hamilton CMA,Wholesale and retail trade,64.2
2021-02,Toronto CMA,Transportation and warehousing,187.0
2021-02,Hamilton CMA,Transportation and warehousing,30.4
2021-02,Toronto CMA,"Finance, insurance, real estate",413.0
2021-02,Hamilton CMA,"Finance, insurance, real estate",39.7
2021-02,Toronto CMA,"Professional, scientific and technical services",392.2
2021-02,Hamilton CMA,"Professional, scientific and technical services",34.1
2021-02,Toronto CMA,Educational services,265.1
2021-02,Hamilton CMA,Educational services,29.9
2021-02,Toronto CMA,Health care and social assistance,313.7
2021-02,Hamilton CMA,Health care and social assistance,54.3
2021-02,Toronto CMA,Accommodation and food services,239.9
2021-02,Hamilton CMA,Accommodation and food services,34.3
2021-03,Toronto CMA,Goods-producing sector,379.3
2021-03,Hamilton CMA,Goods-producing sector,80.3
2021-03,Toronto CMA,Construction,205.7
2021-03,Hamilton CMA,Construction,42.4
2021-03,Toronto CMA,Manufacturing,148.3
2021-03,Hamilton CMA,Manufacturing,38.3
2021-03,Toronto CMA,Wholesale and retail trade,475.6
2021-03,Hamilton CMA,Wholesale and retail trade,69.0
2021-03,Toronto CMA,Transportation and warehousing,203.1
2021-03,Hamilton CMA,Transportation and warehousing,32.3
2021-03,Toronto CMA,"Finance, insurance, real estate",421.1
2021-03,Hamilton CMA,"Finance, insurance, real estate",35.6
2021-03,Toronto CMA,"Professional, scientific and technical services",413.0
2021-03,Hamilton CMA,"Professional, scientific and technical services",34.6
2021-03,Toronto CMA,Educational services,251.0
2021-03,Hamilton CMA,Educational services,29.9
2021-03,Toronto CMA,Health care and social assistance,345.1
2021-03,Hamilton CMA,Health care and social assistance,54.8
2021-03,Toronto CMA,Accommodation and food services,234.1
2021-03,Hamilton CMA,Accommodation and food services,33.4
2021-04,Toronto CMA,Goods-producing sector,385.7
2021-04,Hamilton CMA,Goods-producing sector,81.7
2021-04,Toronto CMA,Construction,204.1
2021-04,Hamilton CMA,Construction,41.6
2021-04,Toronto CMA,Manufacturing,157.6
2021-04,Hamilton CMA,Manufacturing,42.4
2021-04,Toronto CMA,Wholesale and retail trade,508.5
2021-04,Hamilton CMA,Wholesale and retail trade,67.3
2021-04,Toronto CMA,Transportation and warehousing,186.7
2021-04,Hamilton CMA,Transportation and warehousing,29.7
2021-04,Toronto CMA,"Finance, insurance, real estate",442.4
2021-04,Hamilton CMA,"Finance, insurance, real estate",35.5
2021-04,Toronto CMA,"Professional, scientific and technical services",422.6
2021-04,Hamilton CMA,"Professional, scientific and technical services",31.4
2021-04,Toronto CMA,Educational services,252.2
2021-04,Hamilton CMA,Educational services,32.2
2021-04,Toronto CMA,Health care and social assistance,304.5
2021-04,Hamilton CMA,Health care and social assistance,57.7
2021-04,Toronto CMA,Accommodation and food services,224.6
2021-04,Hamilton CMA,Accommodation and food services,33.1
2021-05,Toronto CMA,Goods-producing sector,377.5
2021-05,Hamilton CMA,Goods-producing sector,88.1
2021-05,Toronto CMA,Construction,186.3
2021-05,Hamilton CMA,Construction,40.3
2021-05,Toronto CMA,Manufacturing,156.3
2021-05,Hamilton CMA,Manufacturing,39.6
2021-05,Toronto CMA,Wholesale and retail trade,484.6
2021-05,Hamilton CMA,Wholesale and retail trade,67.0
2021-05,Toronto CMA,Transportation and warehousing,185.5
2021-05,Hamilton CMA,Transportation and warehousing,29.7
2021-05,Toronto CMA,"Finance, insurance, real estate",418.4
2021-05,Hamilton CMA,"Finance, insurance, real estate",36.7
2021-05,Toronto CMA,"Professional, scientific and technical services",412.5
2021-05,Hamilton CMA,"Professional, scientific and technical services",35.2
2021-05,Toronto CMA,Educational services,249.7
2021-05,Hamilton CMA,Educational services,29.8
2021-05,Toronto CMA,Health care and social assistance,324.8
2021-05,Hamilton CMA,Health care and social assistance,54.4
2021-05,Toronto CMA,Accommodation and food services,237.7
2021-05,Hamilton CMA,Accommodation and food services,31.2
2021-06,Toronto CMA,Goods-producing sector,384.0
2021-06,Hamilton CMA,Goods-producing sector,82.2
2021-06,Toronto CMA,Construction,200.1
2021-06,Hamilton CMA,Construction,40.9
2021-06,Toronto CMA,Manufacturing,164.7
2021-06,Hamilton CMA,Manufacturing,39.3
2021-06,Toronto CMA,Wholesale and retail trade,515.6
2021-06,Hamilton CMA,Wholesale and retail trade,68.4
2021-06,Toronto CMA,Transportation and warehousing,182.7
2021-06,Hamilton CMA,Transportation and warehousing,28.9
2021-06,Toronto CMA,"Finance, insurance, real estate",439.5
2021-06,Hamilton CMA,"Finance, insurance, real estate",35.3
2021-06,Toronto CMA,"Professional, scientific and technical services",392.5
2021-06,Hamilton CMA,"Professional, scientific and technical services",33.1
2021-06,Toronto CMA,Educational services,253.6
2021-06,Hamilton CMA,Educational services,29.0
2021-06,Toronto CMA,Health care and social assistance,321.5
2021-06,Hamilton CMA,Health care and social assistance,54.1
2021-06,Toronto CMA,Accommodation and food services,219.8
2021-06,Hamilton CMA,Accommodation and food services,34.0
2021-07,Toronto CMA,Goods-producing sector,370.9
2021-07,Hamilton CMA,Goods-producing sector,89.9
2021-07,Toronto CMA,Construction,199.1
2021-07,Hamilton CMA,Construction,41.0
2021-07,Toronto CMA,Manufacturing,165.0
2021-07,Hamilton CMA,Manufacturing,37.1
2021-07,Toronto CMA,Wholesale and retail trade,489.3
2021-07,Hamilton CMA,Wholesale and retail trade,69.3
2021-07,Toronto CMA,Transportation and warehousing,190.8
2021-07,Hamilton CMA,Transportation and warehousing,28.2
2021-07,Toronto CMA,"Finance, insurance, real estate",432.6
2021-07,Hamilton CMA,"Finance, insurance, real estate",36.2
2021-07,Toronto CMA,"Professional, scientific and technical services",421.8
2021-07,Hamilton CMA,"Professional, scientific and technical services",34.1
2021-07,Toronto CMA,Educational services,278.4
2021-07,Hamilton CMA,Educational services,28.2
2021-07,Toronto CMA,Health care and social assistance,324.7
2021-07,Hamilton CMA,Health care and social assistance,52.8
2021-07,Toronto CMA,Accommodation and food services,246.8
2021-07,Hamilton CMA,Accommodation and food services,34.4
2021-08,Toronto CMA,Goods-producing sector,389.1
2021-08,Hamilton CMA,Goods-producing sector,82.8
2021-08,Toronto CMA,Construction,201.8
2021-08,Hamilton CMA,Construction,40.2
2021-08,Toronto CMA,Manufacturing,167.7
2021-08,Hamilton CMA,Manufacturing,40.4
2021-08,Toronto CMA,Wholesale and retail trade,495.4
2021-08,Hamilton CMA,Wholesale and retail trade,70.3
2021-08,Toronto CMA,Transportation and warehousing,197.2
2021-08,Hamilton CMA,Transportation and warehousing,31.4
2021-08,Toronto CMA,"Finance, insurance, real estate",409.6
2021-08,Hamilton CMA,"Finance, insurance, real estate",35.4
2021-08,Toronto CMA,"Professional, scientific and technical services",408.9
2021-08,Hamilton CMA,"Professional, scientific and technical services",33.8
2021-08,Toronto CMA,Educational services,262.7
2021-08,Hamilton CMA,Educational services,29.0
2021-08,Toronto CMA,Health care and social assistance,326.5
2021-08,Hamilton CMA,Health care and social assistance,60.1
2021-08,Toronto CMA,Accommodation and food services,243.7
2021-08,Hamilton CMA,Accommodation and food services,34.5
2021-09,Toronto CMA,Goods-producing sector,380.6
2021-09,Hamilton CMA,Goods-producing sector,88.2
2021-09,Toronto CMA,Construction,217.8
2021-09,Hamilton CMA,Construction,44.0
2021-09,Toronto CMA,Manufacturing,165.5
2021-09,Hamilton CMA,Manufacturing,38.3
2021-09,Toronto CMA,Wholesale and retail trade,508.7
2021-09,Hamilton CMA,Wholesale and retail trade,70.3
2021-09,Toronto CMA,Transportation and warehousing,188.7
2021-09,Hamilton CMA,Transportation and warehousing,31.6
2021-09,Toronto CMA,"Finance, insurance, real estate",422.2
2021-09,Hamilton CMA,"Finance, insurance, real estate",35.3
2021-09,Toronto CMA,"Professional, scientific and technical services",406.9
2021-09,Hamilton CMA,"Professional, scientific and technical services",36.0
2021-09,Toronto CMA,Educational services,258.0
2021-09,Hamilton CMA,Educational services,31.4
2021-09,Toronto CMA,Health care and social assistance,318.4
2021-09,Hamilton CMA,Health care and social assistance,55.5
2021-09,Toronto CMA,Accommodation and food services,230.5
2021-09,Hamilton CMA,Accommodation and food services,32.6
2021-10,Toronto CMA,Goods-producing sector,390.8
2021-10,Hamilton CMA,Goods-producing sector,85.5
2021-10,Toronto CMA,Construction,215.8
2021-10,Hamilton CMA,Construction,43.5
2021-10,Toronto CMA,Manufacturing,158.9
2021-10,Hamilton CMA,Manufacturing,41.7
2021-10,Toronto CMA,Wholesale and retail trade,490.6
2021-10,Hamilton CMA,Wholesale and retail trade,63.8
2021-10,Toronto CMA,Transportation and warehousing,200.8
2021-10,Hamilton CMA,Transportation and warehousing,30.8
2021-10,Toronto CMA,"Finance, insurance, real estate",403.3
2021-10,Hamilton CMA,"Finance, insurance, real estate",36.6
2021-10,Toronto CMA,"Professional, scientific and technical services",402.4
2021-10,Hamilton CMA,"Professional, scientific and technical services",35.8
2021-10,Toronto CMA,Educational services,250.3
2021-10,Hamilton CMA,Educational services,29.6
2021-10,Toronto CMA,Health care and social assistance,317.0
2021-10,Hamilton CMA,Health care and social assistance,53.0
2021-10,Toronto CMA,Accommodation and food services,234.2
2021-10,Hamilton CMA,Accommodation and food services,31.5
2021-11,Toronto CMA,Goods-producing sector,369.8
2021-11,Hamilton CMA,Goods-producing sector,80.2
2021-11,Toronto CMA,Construction,197.7
2021-11,Hamilton CMA,Construction,41.2
2021-11,Toronto CMA,Manufacturing,157.5
2021-11,Hamilton CMA,Manufacturing,38.6
2021-11,Toronto CMA,Wholesale and retail trade,482.3
2021-11,Hamilton CMA,Wholesale and retail trade,69.3
2021-11,Toronto CMA,Transportation and warehousing,193.1
2021-11,Hamilton CMA,Transportation and warehousing,29.8
2021-11,Toronto CMA,"Finance, insurance, real estate",425.8
2021-11,Hamilton CMA,"Finance, insurance, real estate",38.9
2021-11,Toronto CMA,"Professional, scientific and technical services",410.7
2021-11,Hamilton CMA,"Professional, scientific and technical services",34.1
2021-11,Toronto CMA,Educational services,236.3
2021-11,Hamilton CMA,Educational services,29.5
2021-11,Toronto CMA,Health care and social assistance,304.9
2021-11,Hamilton CMA,Health care and social assistance,54.5
2021-11,Toronto CMA,Accommodation and food services,242.1
2021-11,Hamilton CMA,Accommodation and food services,32.6
2021-12,Toronto CMA,Goods-producing sector,387.9
2021-12,Hamilton CMA,Goods-producing sector,82.3
2021-12,Toronto CMA,Construction,210.8
2021-12,Hamilton CMA,Construction,41.2
2021-12,Toronto CMA,Manufacturing,158.8
2021-12,Hamilton CMA,Manufacturing,40.4
2021-12,Toronto CMA,Wholesale and retail trade,509.3
2021-12,Hamilton CMA,Wholesale and retail trade,67.7
2021-12,Toronto CMA,Transportation and warehousing,204.9
2021-12,Hamilton CMA,Transportation and warehousing,29.8
2021-12,Toronto CMA,"Finance, insurance, real estate",426.3
2021-12,Hamilton CMA,"Finance, insurance, real estate",32.6
2021-12,Toronto CMA,"Professional, scientific and technical services",429.8
2021-12,Hamilton CMA,"Professional, scientific and technical services",33.0
2021-12,Toronto CMA,Educational services,247.3
2021-12,Hamilton CMA,Educational services,31.9
2021-12,Toronto CMA,Health care and social assistance,338.6
2021-12,Hamilton CMA,Health care and social assistance,55.7
2021-12,Toronto CMA,Accommodation and food services,229.3
2021-12,Hamilton CMA,Accommodation and food services,34.0
2022-01,Toronto CMA,Goods-producing sector,375.2
2022-01,Hamilton CMA,Goods-producing sector,81.9
2022-01,Toronto CMA,Construction,213.9
2022-01,Hamilton CMA,Construction,40.2
2022-01,Toronto CMA,Manufacturing,163.0
2022-01,Hamilton CMA,Manufacturing,40.5
2022-01,Toronto CMA,Wholesale and retail trade,532.6
2022-01,Hamilton CMA,Wholesale and retail trade,69.0
2022-01,Toronto CMA,Transportation and warehousing,181.8
2022-01,Hamilton CMA,Transportation and warehousing,29.4
2022-01,Toronto CMA,"Finance, insurance, real estate",433.4
2022-01,Hamilton CMA,"Finance, insurance, real estate",37.2
2022-01,Toronto CMA,"Professional, scientific and technical services",420.5
2022-01,Hamilton CMA,"Professional, scientific and technical services",30.9
2022-01,Toronto CMA,Educational services,254.1
2022-01,Hamilton CMA,Educational services,31.6
2022-01,Toronto CMA,Health care and social assistance,341.9
2022-01,Hamilton CMA,Health care and social assistance,59.6
2022-01,Toronto CMA,Accommodation and food services,237.0
2022-01,Hamilton CMA,Accommodation and food services,35.0
2022-02,Toronto CMA,Goods-producing sector,402.3
2022-02,Hamilton CMA,Goods-producing sector,90.1
2022-02,Toronto CMA,Construction,212.1
2022-02,Hamilton CMA,Construction,45.5
2022-02,Toronto CMA,Manufacturing,156.6
2022-02,Hamilton CMA,Manufacturing,37.5
2022-02,Toronto CMA,Wholesale and retail trade,517.0
2022-02,Hamilton CMA,Wholesale and retail trade,67.2
2022-02,Toronto CMA,Transportation and warehousing,193.8
2022-02,Hamilton CMA,Transportation and warehousing,29.7
2022-02,Toronto CMA,"Finance, insurance, real estate",427.9
2022-02,Hamilton CMA,"Finance, insurance, real estate",37.0
2022-02,Toronto CMA,"Professional, scientific and technical services",396.3
2022-02,Hamilton CMA,"Professional, scientific and technical services",33.6
2022-02,Toronto CMA,Educational services,258.8
2022-02,Hamilton CMA,Educational services,30.3
2022-02,Toronto CMA,Health care and social assistance,319.8
2022-02,Hamilton CMA,Health care and social assistance,57.3
2022-02,Toronto CMA,Accommodation and food services,253.6
2022-02,Hamilton CMA,Accommodation and food services,32.7
2022-03,Toronto CMA,Goods-producing sector,397.2
2022-03,Hamilton CMA,Goods-producing sector,89.1
2022-03,Toronto CMA,Construction,191.2
2022-03,Hamilton CMA,Construction,42.7
2022-03,Toronto CMA,Manufacturing,157.5
2022-03,Hamilton CMA,Manufacturing,41.1
2022-03,Toronto CMA,Wholesale and retail trade,505.5
2022-03,Hamilton CMA,Wholesale and retail trade,69.5
2022-03,Toronto CMA,Transportation and warehousing,197.8
2022-03,Hamilton CMA,Transportation and warehousing,29.3
2022-03,Toronto CMA,"Finance, insurance, real estate",423.7
2022-03,Hamilton CMA,"Finance, insurance, real estate",34.9
2022-03,Toronto CMA,"Professional, scientific and technical services",407.2
2022-03,Hamilton CMA,"Professional, scientific and technical services",33.4
2022-03,Toronto CMA,Educational services,258.4
2022-03,Hamilton CMA,Educational services,29.5
2022-03,Toronto CMA,Health care and social assistance,336.3
2022-03,Hamilton CMA,Health care and social assistance,57.7
2022-03,Toronto CMA,Accommodation and food services,251.5
2022-03,Hamilton CMA,Accommodation and food services,34.5
2022-04,Toronto CMA,Goods-producing sector,385.5
2022-04,Hamilton CMA,Goods-producing sector,88.4
2022-04,Toronto CMA,Construction,211.8
2022-04,Hamilton CMA,Construction,43.0
2022-04,Toronto CMA,Manufacturing,166.9
2022-04,Hamilton CMA,Manufacturing,42.7
2022-04,Toronto CMA,Wholesale and retail trade,533.0
2022-04,Hamilton CMA,Wholesale and retail trade,68.4
2022-04,Toronto CMA,Transportation and warehousing,196.2
2022-04,Hamilton CMA,Transportation and warehousing,31.0
2022-04,Toronto CMA,"Finance, insurance, real estate",433.8
2022-04,Hamilton CMA,"Finance, insurance, real estate",37.7
2022-04,Toronto CMA,"Professional, scientific and technical services",408.2
2022-04,Hamilton CMA,"Professional, scientific and technical services",33.4
2022-04,Toronto CMA,Educational services,270.9
2022-04,Hamilton CMA,Educational services,30.7
2022-04,Toronto CMA,Health care and social assistance,328.4
2022-04,Hamilton CMA,Health care and social assistance,57.6
2022-04,Toronto CMA,Accommodation and food services,241.6
2022-04,Hamilton CMA,Accommodation and food services,34.0
2022-05,Toronto CMA,Goods-producing sector,383.0
2022-05,Hamilton CMA,Goods-producing sector,82.0
2022-05,Toronto CMA,Construction,208.0
2022-05,Hamilton CMA,Construction,42.1
2022-05,Toronto CMA,Manufacturing,161.9
2022-05,Hamilton CMA,Manufacturing,38.1
2022-05,Toronto CMA,Wholesale and retail trade,517.5
2022-05,Hamilton CMA,Wholesale and retail trade,70.4
2022-05,Toronto CMA,Transportation and warehousing,196.1
2022-05,Hamilton CMA,Transportation and warehousing,30.4
2022-05,Toronto CMA,"Finance, insurance, real estate",439.6
2022-05,Hamilton CMA,"Finance, insurance, real estate",33.9
2022-05,Toronto CMA,"Professional, scientific and technical services",396.5
2022-05,Hamilton CMA,"Professional, scientific and technical services",33.4
2022-05,Toronto CMA,Educational services,260.3
2022-05,Hamilton CMA,Educational services,30.4
2022-05,Toronto CMA,Health care and social assistance,318.1
2022-05,Hamilton CMA,Health care and social assistance,56.0
2022-05,Toronto CMA,Accommodation and food services,237.5
2022-05,Hamilton CMA,Accommodation and food services,32.2
2022-06,Toronto CMA,Goods-producing sector,387.9
2022-06,Hamilton CMA,Goods-producing sector,85.6
2022-06,Toronto CMA,Construction,215.8
2022-06,Hamilton CMA,Construction,45.4
2022-06,Toronto CMA,Manufacturing,164.6
2022-06,Hamilton CMA,Manufacturing,40.5
2022-06,Toronto CMA,Wholesale and retail trade,491.3
2022-06,Hamilton CMA,Wholesale and retail trade,65.8
2022-06,Toronto CMA,Transportation and warehousing,186.1
2022-06,Hamilton CMA,Transportation and warehousing,34.0
2022-06,Toronto CMA,"Finance, insurance, real estate",420.5
2022-06,Hamilton CMA,"Finance, insurance, real estate",36.5
2022-06,Toronto CMA,"Professional, scientific and technical services",406.0
2022-06,Hamilton CMA,"Professional, scientific and technical services",33.3
2022-06,Toronto CMA,Educational services,253.3
2022-06,Hamilton CMA,Educational services,28.2
2022-06,Toronto CMA,Health care and social assistance,318.5
2022-06,Hamilton CMA,Health care and social assistance,52.7
2022-06,Toronto CMA,Accommodation and food services,240.1
2022-06,Hamilton CMA,Accommodation and food services,32.8
2022-07,Toronto CMA,Goods-producing sector,376.5
2022-07,Hamilton CMA,Goods-producing sector,87.1
2022-07,Toronto CMA,Construction,204.9
2022-07,Hamilton CMA,Construction,45.9
2022-07,Toronto CMA,Manufacturing,159.3
2022-07,Hamilton CMA,Manufacturing,40.4
2022-07,Toronto CMA,Wholesale and retail trade,484.5
2022-07,Hamilton CMA,Wholesale and retail trade,70.3
2022-07,Toronto CMA,Transportation and warehousing,192.5
2022-07,Hamilton CMA,Transportation and warehousing,31.0
2022-07,Toronto CMA,"Finance, insurance, real estate",439.3
2022-07,Hamilton CMA,"Finance, insurance, real estate",36.6
2022-07,Toronto CMA,"Professional, scientific and technical services",413.5
2022-07,Hamilton CMA,"Professional, scientific and technical services",33.2
2022-07,Toronto CMA,Educational services,268.5
2022-07,Hamilton CMA,Educational services,31.7
2022-07,Toronto CMA,Health care and social assistance,333.4
2022-07,Hamilton CMA,Health care and social assistance,53.2
2022-07,Toronto CMA,Accommodation and food services,233.3
2022-07,Hamilton CMA,Accommodation and food services,32.8
2022-08,Toronto CMA,Goods-producing sector,382.0
2022-08,Hamilton CMA,Goods-producing sector,88.0
2022-08,Toronto CMA,Construction,203.1
2022-08,Hamilton CMA,Construction,46.4
2022-08,Toronto CMA,Manufacturing,161.3
2022-08,Hamilton CMA,Manufacturing,36.8
2022-08,Toronto CMA,Wholesale and retail trade,497.8
2022-08,Hamilton CMA,Wholesale and retail trade,61.4
2022-08,Toronto CMA,Transportation and warehousing,190.7
2022-08,Hamilton CMA,Transportation and warehousing,29.9
2022-08,Toronto CMA,"Finance, insurance, real estate",427.5
2022-08,Hamilton CMA,"Finance, insurance, real estate",36.4
2022-08,Toronto CMA,"Professional, scientific and technical services",406.3
2022-08,Hamilton CMA,"Professional, scientific and technical services",32.9
2022-08,Toronto CMA,Educational services,270.0
2022-08,Hamilton CMA,Educational services,32.1
2022-08,Toronto CMA,Health care and social assistance,317.7
2022-08,Hamilton CMA,Health care and social assistance,58.7
2022-08,Toronto CMA,Accommodation and food services,229.7
2022-08,Hamilton CMA,Accommodation and food services,32.6
2022-09,Toronto CMA,Goods-producing sector,402.8
2022-09,Hamilton CMA,Goods-producing sector,78.8
2022-09,Toronto CMA,Construction,212.6
2022-09,Hamilton CMA,Construction,42.1
2022-09,Toronto CMA,Manufacturing,160.8
2022-09,Hamilton CMA,Manufacturing,39.8
2022-09,Toronto CMA,Wholesale and retail trade,531.2
2022-09,Hamilton CMA,Wholesale and retail trade,66.4
2022-09,Toronto CMA,Transportation and warehousing,194.8
2022-09,Hamilton CMA,Transportation and warehousing,31.4
2022-09,Toronto CMA,"Finance, insurance, real estate",432.6
2022-09,Hamilton CMA,"Finance, insurance, real estate",35.7
2022-09,Toronto CMA,"Professional, scientific and technical services",410.8
2022-09,Hamilton CMA,"Professional, scientific and technical services",33.9
2022-09,Toronto CMA,Educational services,265.4
2022-09,Hamilton CMA,Educational services,29.4
2022-09,Toronto CMA,Health care and social assistance,324.8
2022-09,Hamilton CMA,Health care and social assistance,56.7
2022-09,Toronto CMA,Accommodation and food services,240.5
2022-09,Hamilton CMA,Accommodation and food services,33.5
2022-10,Toronto CMA,Goods-producing sector,385.4
2022-10,Hamilton CMA,Goods-producing sector,84.2
2022-10,Toronto CMA,Construction,204.1
2022-10,Hamilton CMA,Construction,45.1
2022-10,Toronto CMA,Manufacturing,156.3
2022-10,Hamilton CMA,Manufacturing,42.0
2022-10,Toronto CMA,Wholesale and retail trade,509.3
2022-10,Hamilton CMA,Wholesale and retail trade,65.2
2022-10,Toronto CMA,Transportation and warehousing,197.1
2022-10,Hamilton CMA,Transportation and warehousing,30.8
2022-10,Toronto CMA,"Finance, insurance, real estate",446.2
2022-10,Hamilton CMA,"Finance, insurance, real estate",38.7
2022-10,Toronto CMA,"Professional, scientific and technical services",407.4
2022-10,Hamilton CMA,"Professional, scientific and technical services",32.8
2022-10,Toronto CMA,Educational services,254.1
2022-10,Hamilton CMA,Educational services,29.4
2022-10,Toronto CMA,Health care and social assistance,322.2
2022-10,Hamilton CMA,Health care and social assistance,56.6
2022-10,Toronto CMA,Accommodation and food services,242.0
2022-10,Hamilton CMA,Accommodation and food services,33.1
2022-11,Toronto CMA,Goods-producing sector,377.4
2022-11,Hamilton CMA,Goods-producing sector,87.9
2022-11,Toronto CMA,Construction,206.2
2022-11,Hamilton CMA,Construction,42.6
2022-11,Toronto CMA,Manufacturing,161.0
2022-11,Hamilton CMA,Manufacturing,39.8
2022-11,Toronto CMA,Wholesale and retail trade,490.2
2022-11,Hamilton CMA,Wholesale and retail trade,71.0
2022-11,Toronto CMA,Transportation and warehousing,200.6
2022-11,Hamilton CMA,Transportation and warehousing,30.7
2022-11,Toronto CMA,"Finance, insurance, real estate",438.4
2022-11,Hamilton CMA,"Finance, insurance, real estate",37.8
2022-11,Toronto CMA,"Professional, scientific and technical services",412.0
2022-11,Hamilton CMA,"Professional, scientific and technical services",35.0
2022-11,Toronto CMA,Educational services,271.9
2022-11,Hamilton CMA,Educational services,30.8
2022-11,Toronto CMA,Health care and social assistance,334.2
2022-11,Hamilton CMA,Health care and social assistance,58.0
2022-11,Toronto CMA,Accommodation and food services,239.7
2022-11,Hamilton CMA,Accommodation and food services,32.3
2022-12,Toronto CMA,Goods-producing sector,396.8
2022-12,Hamilton CMA,Goods-producing sector,81.3
2022-12,Toronto CMA,Construction,220.8
2022-12,Hamilton CMA,Construction,46.0
2022-12,Toronto CMA,Manufacturing,162.8
2022-12,Hamilton CMA,Manufacturing,40.3
2022-12,Toronto CMA,Wholesale and retail trade,533.5
2022-12,Hamilton CMA,Wholesale and retail trade,66.2
2022-12,Toronto CMA,Transportation and warehousing,189.0
2022-12,Hamilton CMA,Transportation and warehousing,30.0
2022-12,Toronto CMA,"Finance, insurance, real estate",433.6
2022-12,Hamilton CMA,"Finance, insurance, real estate",35.5
2022-12,Toronto CMA,"Professional, scientific and technical services",414.6
2022-12,Hamilton CMA,"Professional, scientific and technical services",34.0
2022-12,Toronto CMA,Educational services,252.9
2022-12,Hamilton CMA,Educational services,32.7
2022-12,Toronto CMA,Health care and social assistance,316.4
2022-12,Hamilton CMA,Health care and social assistance,53.2
2022-12,Toronto CMA,Accommodation and food services,245.1
2022-12,Hamilton CMA,Accommodation and food services,33.6
2023-01,Toronto CMA,Goods-producing sector,391.5
2023-01,Hamilton CMA,Goods-producing sector,84.7
2023-01,Toronto CMA,Construction,203.2
2023-01,Hamilton CMA,Construction,43.3
2023-01,Toronto CMA,Manufacturing,158.7
2023-01,Hamilton CMA,Manufacturing,41.1
2023-01,Toronto CMA,Wholesale and retail trade,500.1
2023-01,Hamilton CMA,Wholesale and retail trade,70.9
2023-01,Toronto CMA,Transportation and warehousing,199.4
2023-01,Hamilton CMA,Transportation and warehousing,32.0
2023-01,Toronto CMA,"Finance, insurance, real estate",449.3
2023-01,Hamilton CMA,"Finance, insurance, real estate",38.2
2023-01,Toronto CMA,"Professional, scientific and technical services",422.7
2023-01,Hamilton CMA,"Professional, scientific and technical services",33.2
2023-01,Toronto CMA,Educational services,257.5
2023-01,Hamilton CMA,Educational services,28.5
2023-01,Toronto CMA,Health care and social assistance,333.4
2023-01,Hamilton CMA,Health care and social assistance,54.6
2023-01,Toronto CMA,Accommodation and food services,245.5
2023-01,Hamilton CMA,Accommodation and food services,34.6
2023-02,Toronto CMA,Goods-producing sector,371.3
2023-02,Hamilton CMA,Goods-producing sector,83.4
2023-02,Toronto CMA,Construction,207.7
2023-02,Hamilton CMA,Construction,43.6
2023-02,Toronto CMA,Manufacturing,163.0
2023-02,Hamilton CMA,Manufacturing,38.4
2023-02,Toronto CMA,Wholesale and retail trade,508.6
2023-02,Hamilton CMA,Wholesale and retail trade,64.3
2023-02,Toronto CMA,Transportation and warehousing,183.5
2023-02,Hamilton CMA,Transportation and warehousing,31.6
2023-02,Toronto CMA,"Finance, insurance, real estate",420.7
2023-02,Hamilton CMA,"Finance, insurance, real estate",36.3
2023-02,Toronto CMA,"Professional, scientific and technical services",395.9
2023-02,Hamilton CMA,"Professional, scientific and technical services",32.0
2023-02,Toronto CMA,Educational services,256.7
2023-02,Hamilton CMA,Educational services,30.2
2023-02,Toronto CMA,Health care and social assistance,340.5
2023-02,Hamilton CMA,Health care and social assistance,57.2
2023-02,Toronto CMA,Accommodation and food services,240.9
2023-02,Hamilton CMA,Accommodation and food services,35.0
2023-03,Toronto CMA,Goods-producing sector,400.3
2023-03,Hamilton CMA,Goods-producing sector,88.5
2023-03,Toronto CMA,Construction,207.6
2023-03,Hamilton CMA,Construction,46.4
2023-03,Toronto CMA,Manufacturing,171.0
2023-03,Hamilton CMA,Manufacturing,41.4
2023-03,Toronto CMA,Wholesale and retail trade,535.3
2023-03,Hamilton CMA,Wholesale and retail trade,71.5
2023-03,Toronto CMA,Transportation and warehousing,201.3
2023-03,Hamilton CMA,Transportation and warehousing,29.4
2023-03,Toronto CMA,"Finance, insurance, real estate",423.6
2023-03,Hamilton CMA,"Finance, insurance, real estate",37.1
2023-03,Toronto CMA,"Professional, scientific and technical services",393.2
2023-03,Hamilton CMA,"Professional, scientific and technical services",33.2
2023-03,Toronto CMA,Educational services,266.8
2023-03,Hamilton CMA,Educational services,30.0
2023-03,Toronto CMA,Health care and social assistance,336.4
2023-03,Hamilton CMA,Health care and social assistance,53.2
2023-03,Toronto CMA,Accommodation and food services,239.4
2023-03,Hamilton CMA,Accommodation and food services,35.3
2023-04,Toronto CMA,Goods-producing sector,390.1
2023-04,Hamilton CMA,Goods-producing sector,88.1
2023-04,Toronto CMA,Construction,221.1
2023-04,Hamilton CMA,Construction,46.9
2023-04,Toronto CMA,Manufacturing,158.2
2023-04,Hamilton CMA,Manufacturing,42.5
2023-04,Toronto CMA,Wholesale and retail trade,499.4
2023-04,Hamilton CMA,Wholesale and retail trade,69.0
2023-04,Toronto CMA,Transportation and warehousing,196.6
2023-04,Hamilton CMA,Transportation and warehousing,32.1
2023-04,Toronto CMA,"Finance, insurance, real estate",423.8
2023-04,Hamilton CMA,"Finance, insurance, real estate",37.8
2023-04,Toronto CMA,"Professional, scientific and technical services",420.8
2023-04,Hamilton CMA,"Professional, scientific and technical services",35.1
2023-04,Toronto CMA,Educational services,258.6
2023-04,Hamilton CMA,Educational services,32.0
2023-04,Toronto CMA,Health care and social assistance,324.3
2023-04,Hamilton CMA,Health care and social assistance,58.9
2023-04,Toronto CMA,Accommodation and food services,245.8
2023-04,Hamilton CMA,Accommodation and food services,32.1
2023-05,Toronto CMA,Goods-producing sector,392.8
2023-05,Hamilton CMA,Goods-producing sector,87.8
2023-05,Toronto CMA,Construction,208.3
2023-05,Hamilton CMA,Construction,43.3
2023-05,Toronto CMA,Manufacturing,161.5
2023-05,Hamilton CMA,Manufacturing,38.1
2023-05,Toronto CMA,Wholesale and retail trade,535.1
2023-05,Hamilton CMA,Wholesale and retail trade,66.0
2023-05,Toronto CMA,Transportation and warehousing,192.8
2023-05,Hamilton CMA,Transportation and warehousing,32.2
2023-05,Toronto CMA,"Finance, insurance, real estate",446.8
2023-05,Hamilton CMA,"Finance, insurance, real estate",38.3
2023-05,Toronto CMA,"Professional, scientific and technical services",433.5
2023-05,Hamilton CMA,"Professional, scientific and technical services",33.6
2023-05,Toronto CMA,Educational services,252.3
2023-05,Hamilton CMA,Educational services,31.9
2023-05,Toronto CMA,Health care and social assistance,339.6
2023-05,Hamilton CMA,Health care and social assistance,55.6
2023-05,Toronto CMA,Accommodation and food services,234.2
2023-05,Hamilton CMA,Accommodation and food services,35.7
2023-06,Toronto CMA,Goods-producing sector,395.1
2023-06,Hamilton CMA,Goods-producing sector,82.5
2023-06,Toronto CMA,Construction,215.6
2023-06,Hamilton CMA,Construction,42.1
2023-06,Toronto CMA,Manufacturing,160.5
2023-06,Hamilton CMA,Manufacturing,38.6
2023-06,Toronto CMA,Wholesale and retail trade,500.0
2023-06,Hamilton CMA,Wholesale and retail trade,66.9
2023-06,Toronto CMA,Transportation and warehousing,193.3
2023-06,Hamilton CMA,Transportation and warehousing,31.8
2023-06,Toronto CMA,"Finance, insurance, real estate",443.4
2023-06,Hamilton CMA,"Finance, insurance, real estate",38.2
2023-06,Toronto CMA,"Professional, scientific and technical services",428.6
2023-06,Hamilton CMA,"Professional, scientific and technical services",33.5
2023-06,Toronto CMA,Educational services,261.4
2023-06,Hamilton CMA,Educational services,31.5
2023-06,Toronto CMA,Health care and social assistance,349.0
2023-06,Hamilton CMA,Health care and social assistance,58.4
2023-06,Toronto CMA,Accommodation and food services,253.8
2023-06,Hamilton CMA,Accommodation and food services,35.4
2023-07,Toronto CMA,Goods-producing sector,401.1
2023-07,Hamilton CMA,Goods-producing sector,81.1
2023-07,Toronto CMA,Construction,216.5
2023-07,Hamilton CMA,Construction,45.1
2023-07,Toronto CMA,Manufacturing,163.2
2023-07,Hamilton CMA,Manufacturing,39.6
2023-07,Toronto CMA,Wholesale and retail trade,503.7
2023-07,Hamilton CMA,Wholesale and retail trade,70.4
2023-07,Toronto CMA,Transportation and warehousing,202.0
2023-07,Hamilton CMA,Transportation and warehousing,29.0
2023-07,Toronto CMA,"Finance, insurance, real estate",442.8
2023-07,Hamilton CMA,"Finance, insurance, real estate",36.4
2023-07,Toronto CMA,"Professional, scientific and technical services",403.6
2023-07,Hamilton CMA,"Professional, scientific and technical services",34.6
2023-07,Toronto CMA,Educational services,258.4
2023-07,Hamilton CMA,Educational services,30.1
2023-07,Toronto CMA,Health care and social assistance,324.7
2023-07,Hamilton CMA,Health care and social assistance,57.1
2023-07,Toronto CMA,Accommodation and food services,243.9
2023-07,Hamilton CMA,Accommodation and food services,32.6
2023-08,Toronto CMA,Goods-producing sector,379.3
2023-08,Hamilton CMA,Goods-producing sector,86.8
2023-08,Toronto CMA,Construction,213.7
2023-08,Hamilton CMA,Construction,42.9
2023-08,Toronto CMA,Manufacturing,165.5
2023-08,Hamilton CMA,Manufacturing,39.2
2023-08,Toronto CMA,Wholesale and retail trade,552.5
2023-08,Hamilton CMA,Wholesale and retail trade,66.7
2023-08,Toronto CMA,Transportation and warehousing,192.6
2023-08,Hamilton CMA,Transportation and warehousing,31.2
2023-08,Toronto CMA,"Finance, insurance, real estate",428.4
2023-08,Hamilton CMA,"Finance, insurance, real estate",38.6
2023-08,Toronto CMA,"Professional, scientific and technical services",438.3
2023-08,Hamilton CMA,"Professional, scientific and technical services",33.6
2023-08,Toronto CMA,Educational services,262.6
2023-08,Hamilton CMA,Educational services,30.3
2023-08,Toronto CMA,Health care and social assistance,332.6
2023-08,Hamilton CMA,Health care and social assistance,59.7
2023-08,Toronto CMA,Accommodation and food services,250.7
2023-08,Hamilton CMA,Accommodation and food services,32.9
2023-09,Toronto CMA,Goods-producing sector,407.6
2023-09,Hamilton CMA,Goods-producing sector,91.6
2023-09,Toronto CMA,Construction,214.4
2023-09,Hamilton CMA,Construction,43.6
2023-09,Toronto CMA,Manufacturing,163.6
2023-09,Hamilton CMA,Manufacturing,39.3
2023-09,Toronto CMA,Wholesale and retail trade,518.3
2023-09,Hamilton CMA,Wholesale and retail trade,68.5
2023-09,Toronto CMA,Transportation and warehousing,184.2
2023-09,Hamilton CMA,Transportation and warehousing,32.1
2023-09,Toronto CMA,"Finance, insurance, real estate",443.3
2023-09,Hamilton CMA,"Finance, insurance, real estate",39.0
2023-09,Toronto CMA,"Professional, scientific and technical services",414.5
2023-09,Hamilton CMA,"Professional, scientific and technical services",34.4
2023-09,Toronto CMA,Educational services,270.2
2023-09,Hamilton CMA,Educational services,31.4
2023-09,Toronto CMA,Health care and social assistance,335.8
2023-09,Hamilton CMA,Health care and social assistance,63.8
2023-09,Toronto CMA,Accommodation and food services,243.1
2023-09,Hamilton CMA,Accommodation and food services,34.4
2023-10,Toronto CMA,Goods-producing sector,410.2
2023-10,Hamilton CMA,Goods-producing sector,84.8
2023-10,Toronto CMA,Construction,204.9
2023-10,Hamilton CMA,Construction,42.3
2023-10,Toronto CMA,Manufacturing,166.0
2023-10,Hamilton CMA,Manufacturing,41.6
2023-10,Toronto CMA,Wholesale and retail trade,523.0
2023-10,Hamilton CMA,Wholesale and retail trade,65.7
2023-10,Toronto CMA,Transportation and warehousing,203.6
2023-10,Hamilton CMA,Transportation and warehousing,32.5
2023-10,Toronto CMA,"Finance, insurance, real estate",439.9
2023-10,Hamilton CMA,"Finance, insurance, real estate",37.4
2023-10,Toronto CMA,"Professional, scientific and technical services",425.0
2023-10,Hamilton CMA,"Professional, scientific and technical services",34.7
2023-10,Toronto CMA,Educational services,266.7
2023-10,Hamilton CMA,Educational services,29.6
2023-10,Toronto CMA,Health care and social assistance,331.5
2023-10,Hamilton CMA,Health care and social assistance,53.9
2023-10,Toronto CMA,Accommodation and food services,249.2
2023-10,Hamilton CMA,Accommodation and food services,34.9
2023-11,Toronto CMA,Goods-producing sector,389.1
2023-11,Hamilton CMA,Goods-producing sector,88.7
2023-11,Toronto CMA,Construction,201.8
2023-11,Hamilton CMA,Construction,46.4
2023-11,Toronto CMA,Manufacturing,161.3
2023-11,Hamilton CMA,Manufacturing,40.8
2023-11,Toronto CMA,Wholesale and retail trade,529.3
2023-11,Hamilton CMA,Wholesale and retail trade,67.4
2023-11,Toronto CMA,Transportation and warehousing,204.9
2023-11,Hamilton CMA,Transportation and warehousing,31.2
2023-11,Toronto CMA,"Finance, insurance, real estate",441.9
2023-11,Hamilton CMA,"Finance, insurance, real estate",38.3
2023-11,Toronto CMA,"Professional, scientific and technical services",401.4
2023-11,Hamilton CMA,"Professional, scientific and technical services",35.0
2023-11,Toronto CMA,Educational services,262.4
2023-11,Hamilton CMA,Educational services,32.3
2023-11,Toronto CMA,Health care and social assistance,331.4
2023-11,Hamilton CMA,Health care and social assistance,55.8
2023-11,Toronto CMA,Accommodation and food services,247.5
2023-11,Hamilton CMA,Accommodation and food services,34.1
2023-12,Toronto CMA,Goods-producing sector,376.8
2023-12,Hamilton CMA,Goods-producing sector,87.1
2023-12,Toronto CMA,Construction,219.9
2023-12,Hamilton CMA,Construction,44.8
2023-12,Toronto CMA,Manufacturing,159.5
2023-12,Hamilton CMA,Manufacturing,41.8
2023-12,Toronto CMA,Wholesale and retail trade,484.1
2023-12,Hamilton CMA,Wholesale and retail trade,63.7
2023-12,Toronto CMA,Transportation and warehousing,197.9
2023-12,Hamilton CMA,Transportation and warehousing,31.3
2023-12,Toronto CMA,"Finance, insurance, real estate",444.9
2023-12,Hamilton CMA,"Finance, insurance, real estate",36.1
2023-12,Toronto CMA,"Professional, scientific and technical services",415.5
2023-12,Hamilton CMA,"Professional, scientific and technical services",32.3
2023-12,Toronto CMA,Educational services,263.9
2023-12,Hamilton CMA,Educational services,29.0
2023-12,Toronto CMA,Health care and social assistance,332.4
2023-12,Hamilton CMA,Health care and social assistance,57.3
2023-12,Toronto CMA,Accommodation and food services,232.1
2023-12,Hamilton CMA,Accommodation and food services,33.5
2024-01,Toronto CMA,Goods-producing sector,400.2
2024-01,Hamilton CMA,Goods-producing sector,93.3
2024-01,Toronto CMA,Construction,202.5
2024-01,Hamilton CMA,Construction,45.6
2024-01,Toronto CMA,Manufacturing,157.8
2024-01,Hamilton CMA,Manufacturing,38.5
2024-01,Toronto CMA,Wholesale and retail trade,537.6
2024-01,Hamilton CMA,Wholesale and retail trade,71.5
2024-01,Toronto CMA,Transportation and warehousing,193.4
2024-01,Hamilton CMA,Transportation and warehousing,31.3
2024-01,Toronto CMA,"Finance, insurance, real estate",450.9
2024-01,Hamilton CMA,"Finance, insurance, real estate",37.8
2024-01,Toronto CMA,"Professional, scientific and technical services",445.9
2024-01,Hamilton CMA,"Professional, scientific and technical services",35.1
2024-01,Toronto CMA,Educational services,238.9
2024-01,Hamilton CMA,Educational services,30.7
2024-01,Toronto CMA,Health care and social assistance,326.8
2024-01,Hamilton CMA,Health care and social assistance,56.3
2024-01,Toronto CMA,Accommodation and food services,245.4
2024-01,Hamilton CMA,Accommodation and food services,33.4
2024-02,Toronto CMA,Goods-producing sector,378.6
2024-02,Hamilton CMA,Goods-producing sector,92.7
2024-02,Toronto CMA,Construction,216.1
2024-02,Hamilton CMA,Construction,43.8
2024-02,Toronto CMA,Manufacturing,167.4
2024-02,Hamilton CMA,Manufacturing,41.8
2024-02,Toronto CMA,Wholesale and retail trade,533.1
2024-02,Hamilton CMA,Wholesale and retail trade,66.7
2024-02,Toronto CMA,Transportation and warehousing,203.0
2024-02,Hamilton CMA,Transportation and warehousing,30.3
2024-02,Toronto CMA,"Finance, insurance, real estate",458.1
2024-02,Hamilton CMA,"Finance, insurance, real estate",37.2
2024-02,Toronto CMA,"Professional, scientific and technical services",389.6
2024-02,Hamilton CMA,"Professional, scientific and technical services",34.4
2024-02,Toronto CMA,Educational services,248.6
2024-02,Hamilton CMA,Educational services,30.8
2024-02,Toronto CMA,Health care and social assistance,333.9
2024-02,Hamilton CMA,Health care and social assistance,55.9
2024-02,Toronto CMA,Accommodation and food services,234.6
2024-02,Hamilton CMA,Accommodation and food services,32.8
2024-03,Toronto CMA,Goods-producing sector,381.8
2024-03,Hamilton CMA,Goods-producing sector,87.1
2024-03,Toronto CMA,Construction,220.7
2024-03,Hamilton CMA,Construction,46.3
2024-03,Toronto CMA,Manufacturing,161.9
2024-03,Hamilton CMA,Manufacturing,42.9
2024-03,Toronto CMA,Wholesale and retail trade,492.9
2024-03,Hamilton CMA,Wholesale and retail trade,71.7
2024-03,Toronto CMA,Transportation and warehousing,197.5
2024-03,Hamilton CMA,Transportation and warehousing,31.4
2024-03,Toronto CMA,"Finance, insurance, real estate",451.7
2024-03,Hamilton CMA,"Finance, insurance, real estate",36.5
2024-03,Toronto CMA,"Professional, scientific and technical services",428.6
2024-03,Hamilton CMA,"Professional, scientific and technical services",34.3
2024-03,Toronto CMA,Educational services,281.9
2024-03,Hamilton CMA,Educational services,30.7
2024-03,Toronto CMA,Health care and social assistance,347.6
2024-03,Hamilton CMA,Health care and social assistance,58.3
2024-03,Toronto CMA,Accommodation and food services,237.1
2024-03,Hamilton CMA,Accommodation and food services,36.2
2024-04,Toronto CMA,Goods-producing sector,379.6
2024-04,Hamilton CMA,Goods-producing sector,80.2
2024-04,Toronto CMA,Construction,218.1
2024-04,Hamilton CMA,Construction,47.0
2024-04,Toronto CMA,Manufacturing,164.6
2024-04,Hamilton CMA,Manufacturing,40.4
2024-04,Toronto CMA,Wholesale and retail trade,538.9
2024-04,Hamilton CMA,Wholesale and retail trade,71.8
2024-04,Toronto CMA,Transportation and warehousing,194.8
2024-04,Hamilton CMA,Transportation and warehousing,32.1
2024-04,Toronto CMA,"Finance, insurance, real estate",427.0
2024-04,Hamilton CMA,"Finance, insurance, real estate",36.8
2024-04,Toronto CMA,"Professional, scientific and technical services",405.7
2024-04,Hamilton CMA,"Professional, scientific and technical services",31.3
2024-04,Toronto CMA,Educational services,253.9
2024-04,Hamilton CMA,Educational services,32.7
2024-04,Toronto CMA,Health care and social assistance,324.1
2024-04,Hamilton CMA,Health care and social assistance,55.7
2024-04,Toronto CMA,Accommodation and food services,237.4
2024-04,Hamilton CMA,Accommodation and food services,35.6
2024-05,Toronto CMA,Goods-producing sector,392.4
2024-05,Hamilton CMA,Goods-producing sector,89.9
2024-05,Toronto CMA,Construction,212.2
2024-05,Hamilton CMA,Construction,43.0
2024-05,Toronto CMA,Manufacturing,159.7
2024-05,Hamilton CMA,Manufacturing,42.2
2024-05,Toronto CMA,Wholesale and retail trade,514.1
2024-05,Hamilton CMA,Wholesale and retail trade,72.0
2024-05,Toronto CMA,Transportation and warehousing,180.0
2024-05,Hamilton CMA,Transportation and warehousing,32.6
2024-05,Toronto CMA,"Finance, insurance, real estate",437.4
2024-05,Hamilton CMA,"Finance, insurance, real estate",40.9
2024-05,Toronto CMA,"Professional, scientific and technical services",412.8
2024-05,Hamilton CMA,"Professional, scientific and technical services",34.4
2024-05,Toronto CMA,Educational services,268.6
2024-05,Hamilton CMA,Educational services,30.1
2024-05,Toronto CMA,Health care and social assistance,344.2
2024-05,Hamilton CMA,Health care and social assistance,55.5
2024-05,Toronto CMA,Accommodation and food services,255.7
2024-05,Hamilton CMA,Accommodation and food services,35.5
2024-06,Toronto CMA,Goods-producing sector,398.6
2024-06,Hamilton CMA,Goods-producing sector,85.7
2024-06,Toronto CMA,Construction,211.7
2024-06,Hamilton CMA,Construction,45.7
2024-06,Toronto CMA,Manufacturing,154.6
2024-06,Hamilton CMA,Manufacturing,40.0
2024-06,Toronto CMA,Wholesale and retail trade,529.9
2024-06,Hamilton CMA,Wholesale and retail trade,66.4
2024-06,Toronto CMA,Transportation and warehousing,206.7
2024-06,Hamilton CMA,Transportation and warehousing,30.4
2024-06,Toronto CMA,"Finance, insurance, real estate",448.7
2024-06,Hamilton CMA,"Finance, insurance, real estate",35.9
2024-06,Toronto CMA,"Professional, scientific and technical services",425.8
2024-06,Hamilton CMA,"Professional, scientific and technical services",35.1
2024-06,Toronto CMA,Educational services,272.6
2024-06,Hamilton CMA,Educational services,32.9
2024-06,Toronto CMA,Health care and social assistance,348.4
2024-06,Hamilton CMA,Health care and social assistance,57.5
2024-06,Toronto CMA,Accommodation and food services,237.4
2024-06,Hamilton CMA,Accommodation and food services,36.3
2024-07,Toronto CMA,Goods-producing sector,377.7
2024-07,Hamilton CMA,Goods-producing sector,86.8
2024-07,Toronto CMA,Construction,218.0
2024-07,Hamilton CMA,Construction,46.0
2024-07,Toronto CMA,Manufacturing,172.7
2024-07,Hamilton CMA,Manufacturing,40.9
2024-07,Toronto CMA,Wholesale and retail trade,489.7
2024-07,Hamilton CMA,Wholesale and retail trade,69.2
2024-07,Toronto CMA,Transportation and warehousing,200.3
2024-07,Hamilton CMA,Transportation and warehousing,30.8
2024-07,Toronto CMA,"Finance, insurance, real estate",463.7
2024-07,Hamilton CMA,"Finance, insurance, real estate",37.3
2024-07,Toronto CMA,"Professional, scientific and technical services",402.0
2024-07,Hamilton CMA,"Professional, scientific and technical services",35.1
2024-07,Toronto CMA,Educational services,254.8
2024-07,Hamilton CMA,Educational services,33.4
2024-07,Toronto CMA,Health care and social assistance,338.8
2024-07,Hamilton CMA,Health care and social assistance,53.9
2024-07,Toronto CMA,Accommodation and food services,254.6
2024-07,Hamilton CMA,Accommodation and food services,37.7
2024-08,Toronto CMA,Goods-producing sector,369.8
2024-08,Hamilton CMA,Goods-producing sector,91.6
2024-08,Toronto CMA,Construction,216.5
2024-08,Hamilton CMA,Construction,45.6
2024-08,Toronto CMA,Manufacturing,166.6
2024-08,Hamilton CMA,Manufacturing,41.8
2024-08,Toronto CMA,Wholesale and retail trade,505.6
2024-08,Hamilton CMA,Wholesale and retail trade,74.0
2024-08,Toronto CMA,Transportation and warehousing,191.4
2024-08,Hamilton CMA,Transportation and warehousing,33.7
2024-08,Toronto CMA,"Finance, insurance, real estate",465.6
2024-08,Hamilton CMA,"Finance, insurance, real estate",35.9
2024-08,Toronto CMA,"Professional, scientific and technical services",420.4
2024-08,Hamilton CMA,"Professional, scientific and technical services",36.5
2024-08,Toronto CMA,Educational services,260.2
2024-08,Hamilton CMA,Educational services,31.1
2024-08,Toronto CMA,Health care and social assistance,332.3
2024-08,Hamilton CMA,Health care and social assistance,59.8
2024-08,Toronto CMA,Accommodation and food services,242.4
2024-08,Hamilton CMA,Accommodation and food services,34.5
2024-09,Toronto CMA,Goods-producing sector,400.2
2024-09,Hamilton CMA,Goods-producing sector,87.7
2024-09,Toronto CMA,Construction,208.1
2024-09,Hamilton CMA,Construction,42.9
2024-09,Toronto CMA,Manufacturing,157.6
2024-09,Hamilton CMA,Manufacturing,39.1
2024-09,Toronto CMA,Wholesale and retail trade,490.2
2024-09,Hamilton CMA,Wholesale and retail trade,68.1
2024-09,Toronto CMA,Transportation and warehousing,201.4
2024-09,Hamilton CMA,Transportation and warehousing,31.4
2024-09,Toronto CMA,"Finance, insurance, real estate",434.6
2024-09,Hamilton CMA,"Finance, insurance, real estate",36.2
2024-09,Toronto CMA,"Professional, scientific and technical services",408.3
2024-09,Hamilton CMA,"Professional, scientific and technical services",32.6
2024-09,Toronto CMA,Educational services,254.6
2024-09,Hamilton CMA,Educational services,32.2
2024-09,Toronto CMA,Health care and social assistance,322.5
2024-09,Hamilton CMA,Health care and social assistance,57.2
2024-09,Toronto CMA,Accommodation and food services,242.5
2024-09,Hamilton CMA,Accommodation and food services,37.9
